-11,-6,JqcoMjGVZI1wnBW2XGxibFmKuGQ=,yPPNbKdr9d3Nnu0E8vO3Tu7/ckU=
-10,-6,JqcoMjGVZI1wnBW2XGxibFmKuGQ=,yPPNbKdr9d3Nnu0E8vO3Tu7/ckU=
-11,-7,JqcoMjGVZI1wnBW2XGxibFmKuGQ=,yPPNbKdr9d3Nnu0E8vO3Tu7/ckU=
-10,-7,JqcoMjGVZI1wnBW2XGxibFmKuGQ=,yPPNbKdr9d3Nnu0E8vO3Tu7/ckU=
-11,-4,JqcoMjGVZI1wnBW2XGxibFmKuGQ=,yPPNbKdr9d3Nnu0E8vO3Tu7/ckU=
-10,-4,JqcoMjGVZI1wnBW2XGxibFmKuGQ=,yPPNbKdr9d3Nnu0E8vO3Tu7/ckU=
-11,-3,JqcoMjGVZI1wnBW2XGxibFmKuGQ=,yPPNbKdr9d3Nnu0E8vO3Tu7/ckU=
-10,-3,JqcoMjGVZI1wnBW2XGxibFmKuGQ=,yPPNbKdr9d3Nnu0E8vO3Tu7/ckU=
-11,-2,JqcoMjGVZI1wnBW2XGxibFmKuGQ=,yPPNbKdr9d3Nnu0E8vO3Tu7/ckU=
-10,-2,JqcoMjGVZI1wnBW2XGxibFmKuGQ=,yPPNbKdr9d3Nnu0E8vO3Tu7/ckU=
-11,-5,JqcoMjGVZI1wnBW2XGxibFmKuGQ=,yPPNbKdr9d3Nnu0E8vO3Tu7/ckU=
-10,-5,JqcoMjGVZI1wnBW2XGxibFmKuGQ=,yPPNbKdr9d3Nnu0E8vO3Tu7/ckU=
-9,-3,sDPvuYmFCsNrpj6dTJqgEqQy2WY=,yPPNbKdr9d3Nnu0E8vO3Tu7/ckU=
-8,-3,sDPvuYmFCsNrpj6dTJqgEqQy2WY=,yPPNbKdr9d3Nnu0E8vO3Tu7/ckU=
-7,-3,sDPvuYmFCsNrpj6dTJqgEqQy2WY=,yPPNbKdr9d3Nnu0E8vO3Tu7/ckU=
-6,-3,sDPvuYmFCsNrpj6dTJqgEqQy2WY=,yPPNbKdr9d3Nnu0E8vO3Tu7/ckU=
-8,-2,sDPvuYmFCsNrpj6dTJqgEqQy2WY=,yPPNbKdr9d3Nnu0E8vO3Tu7/ckU=
-7,-2,sDPvuYmFCsNrpj6dTJqgEqQy2WY=,yPPNbKdr9d3Nnu0E8vO3Tu7/ckU=
-9,-2,sDPvuYmFCsNrpj6dTJqgEqQy2WY=,yPPNbKdr9d3Nnu0E8vO3Tu7/ckU=
-8,-6,sDPvuYmFCsNrpj6dTJqgEqQy2WY=,yPPNbKdr9d3Nnu0E8vO3Tu7/ckU=
-9,-5,sDPvuYmFCsNrpj6dTJqgEqQy2WY=,yPPNbKdr9d3Nnu0E8vO3Tu7/ckU=
-9,-6,sDPvuYmFCsNrpj6dTJqgEqQy2WY=,yPPNbKdr9d3Nnu0E8vO3Tu7/ckU=
-6,-4,NEDOMR8jQwa+L7QPOWyT/5PyOMw=,yPPNbKdr9d3Nnu0E8vO3Tu7/ckU=
-9,-4,NEDOMR8jQwa+L7QPOWyT/5PyOMw=,yPPNbKdr9d3Nnu0E8vO3Tu7/ckU=
-7,-4,NEDOMR8jQwa+L7QPOWyT/5PyOMw=,yPPNbKdr9d3Nnu0E8vO3Tu7/ckU=
-8,-4,NEDOMR8jQwa+L7QPOWyT/5PyOMw=,yPPNbKdr9d3Nnu0E8vO3Tu7/ckU=
-6,-5,NEDOMR8jQwa+L7QPOWyT/5PyOMw=,yPPNbKdr9d3Nnu0E8vO3Tu7/ckU=
-7,-5,NEDOMR8jQwa+L7QPOWyT/5PyOMw=,yPPNbKdr9d3Nnu0E8vO3Tu7/ckU=
-8,-5,NEDOMR8jQwa+L7QPOWyT/5PyOMw=,yPPNbKdr9d3Nnu0E8vO3Tu7/ckU=
-7,-6,NEDOMR8jQwa+L7QPOWyT/5PyOMw=,yPPNbKdr9d3Nnu0E8vO3Tu7/ckU=
-7,-11,NEDOMR8jQwa+L7QPOWyT/5PyOMw=,yPPNbKdr9d3Nnu0E8vO3Tu7/ckU=
-7,-10,NEDOMR8jQwa+L7QPOWyT/5PyOMw=,yPPNbKdr9d3Nnu0E8vO3Tu7/ckU=
-10,-9,NEDOMR8jQwa+L7QPOWyT/5PyOMw=,yPPNbKdr9d3Nnu0E8vO3Tu7/ckU=
-11,-9,NEDOMR8jQwa+L7QPOWyT/5PyOMw=,yPPNbKdr9d3Nnu0E8vO3Tu7/ckU=
-9,-10,NEDOMR8jQwa+L7QPOWyT/5PyOMw=,yPPNbKdr9d3Nnu0E8vO3Tu7/ckU=
-10,-10,NEDOMR8jQwa+L7QPOWyT/5PyOMw=,yPPNbKdr9d3Nnu0E8vO3Tu7/ckU=
-8,-10,NEDOMR8jQwa+L7QPOWyT/5PyOMw=,yPPNbKdr9d3Nnu0E8vO3Tu7/ckU=
-11,-10,NEDOMR8jQwa+L7QPOWyT/5PyOMw=,yPPNbKdr9d3Nnu0E8vO3Tu7/ckU=
-9,-11,NEDOMR8jQwa+L7QPOWyT/5PyOMw=,yPPNbKdr9d3Nnu0E8vO3Tu7/ckU=
-1,-7,NEDOMR8jQwa+L7QPOWyT/5PyOMw=,yPPNbKdr9d3Nnu0E8vO3Tu7/ckU=
-8,-8,NEDOMR8jQwa+L7QPOWyT/5PyOMw=,yPPNbKdr9d3Nnu0E8vO3Tu7/ckU=
-9,-7,NEDOMR8jQwa+L7QPOWyT/5PyOMw=,yPPNbKdr9d3Nnu0E8vO3Tu7/ckU=
-8,-9,NEDOMR8jQwa+L7QPOWyT/5PyOMw=,yPPNbKdr9d3Nnu0E8vO3Tu7/ckU=
-10,-11,NEDOMR8jQwa+L7QPOWyT/5PyOMw=,yPPNbKdr9d3Nnu0E8vO3Tu7/ckU=
-11,-11,NEDOMR8jQwa+L7QPOWyT/5PyOMw=,yPPNbKdr9d3Nnu0E8vO3Tu7/ckU=
-8,-11,NEDOMR8jQwa+L7QPOWyT/5PyOMw=,yPPNbKdr9d3Nnu0E8vO3Tu7/ckU=
-10,-8,NEDOMR8jQwa+L7QPOWyT/5PyOMw=,yPPNbKdr9d3Nnu0E8vO3Tu7/ckU=
-11,-8,NEDOMR8jQwa+L7QPOWyT/5PyOMw=,yPPNbKdr9d3Nnu0E8vO3Tu7/ckU=
-9,-8,NEDOMR8jQwa+L7QPOWyT/5PyOMw=,yPPNbKdr9d3Nnu0E8vO3Tu7/ckU=
-2,-11,NEDOMR8jQwa+L7QPOWyT/5PyOMw=,yPPNbKdr9d3Nnu0E8vO3Tu7/ckU=
-2,-10,NEDOMR8jQwa+L7QPOWyT/5PyOMw=,yPPNbKdr9d3Nnu0E8vO3Tu7/ckU=
-9,-9,NEDOMR8jQwa+L7QPOWyT/5PyOMw=,yPPNbKdr9d3Nnu0E8vO3Tu7/ckU=
-8,-7,NEDOMR8jQwa+L7QPOWyT/5PyOMw=,yPPNbKdr9d3Nnu0E8vO3Tu7/ckU=
-7,-7,NEDOMR8jQwa+L7QPOWyT/5PyOMw=,yPPNbKdr9d3Nnu0E8vO3Tu7/ckU=
-7,-8,NEDOMR8jQwa+L7QPOWyT/5PyOMw=,yPPNbKdr9d3Nnu0E8vO3Tu7/ckU=
-7,-9,NEDOMR8jQwa+L7QPOWyT/5PyOMw=,yPPNbKdr9d3Nnu0E8vO3Tu7/ckU=
-5,-9,NEDOMR8jQwa+L7QPOWyT/5PyOMw=,yPPNbKdr9d3Nnu0E8vO3Tu7/ckU=
-5,-7,NEDOMR8jQwa+L7QPOWyT/5PyOMw=,yPPNbKdr9d3Nnu0E8vO3Tu7/ckU=
-5,-5,gi5jeh2/+JGRO8yrJcpiotaRhYI=,yPPNbKdr9d3Nnu0E8vO3Tu7/ckU=
-12,-6,gi5jeh2/+JGRO8yrJcpiotaRhYI=,yPPNbKdr9d3Nnu0E8vO3Tu7/ckU=
-14,-7,gi5jeh2/+JGRO8yrJcpiotaRhYI=,yPPNbKdr9d3Nnu0E8vO3Tu7/ckU=
-13,-7,gi5jeh2/+JGRO8yrJcpiotaRhYI=,yPPNbKdr9d3Nnu0E8vO3Tu7/ckU=
-15,-6,gi5jeh2/+JGRO8yrJcpiotaRhYI=,yPPNbKdr9d3Nnu0E8vO3Tu7/ckU=
-12,-7,gi5jeh2/+JGRO8yrJcpiotaRhYI=,yPPNbKdr9d3Nnu0E8vO3Tu7/ckU=
-14,-6,gi5jeh2/+JGRO8yrJcpiotaRhYI=,yPPNbKdr9d3Nnu0E8vO3Tu7/ckU=
-13,-6,gi5jeh2/+JGRO8yrJcpiotaRhYI=,yPPNbKdr9d3Nnu0E8vO3Tu7/ckU=
-5,-6,gi5jeh2/+JGRO8yrJcpiotaRhYI=,yPPNbKdr9d3Nnu0E8vO3Tu7/ckU=
-6,-6,gi5jeh2/+JGRO8yrJcpiotaRhYI=,yPPNbKdr9d3Nnu0E8vO3Tu7/ckU=
-13,-10,gi5jeh2/+JGRO8yrJcpiotaRhYI=,yPPNbKdr9d3Nnu0E8vO3Tu7/ckU=
-13,-8,gi5jeh2/+JGRO8yrJcpiotaRhYI=,yPPNbKdr9d3Nnu0E8vO3Tu7/ckU=
-12,-8,gi5jeh2/+JGRO8yrJcpiotaRhYI=,yPPNbKdr9d3Nnu0E8vO3Tu7/ckU=
-12,-11,gi5jeh2/+JGRO8yrJcpiotaRhYI=,yPPNbKdr9d3Nnu0E8vO3Tu7/ckU=
-12,-10,gi5jeh2/+JGRO8yrJcpiotaRhYI=,yPPNbKdr9d3Nnu0E8vO3Tu7/ckU=
-6,-10,gi5jeh2/+JGRO8yrJcpiotaRhYI=,yPPNbKdr9d3Nnu0E8vO3Tu7/ckU=
-14,-8,gi5jeh2/+JGRO8yrJcpiotaRhYI=,yPPNbKdr9d3Nnu0E8vO3Tu7/ckU=
-12,-4,gi5jeh2/+JGRO8yrJcpiotaRhYI=,yPPNbKdr9d3Nnu0E8vO3Tu7/ckU=
-14,-2,gi5jeh2/+JGRO8yrJcpiotaRhYI=,yPPNbKdr9d3Nnu0E8vO3Tu7/ckU=
-13,-2,gi5jeh2/+JGRO8yrJcpiotaRhYI=,yPPNbKdr9d3Nnu0E8vO3Tu7/ckU=
-15,-5,gi5jeh2/+JGRO8yrJcpiotaRhYI=,yPPNbKdr9d3Nnu0E8vO3Tu7/ckU=
-12,-3,ppxH2Jfwc8qK7PuTZ1JYx3eD6eM=,yPPNbKdr9d3Nnu0E8vO3Tu7/ckU=
-14,-5,ppxH2Jfwc8qK7PuTZ1JYx3eD6eM=,yPPNbKdr9d3Nnu0E8vO3Tu7/ckU=
-13,-5,ppxH2Jfwc8qK7PuTZ1JYx3eD6eM=,yPPNbKdr9d3Nnu0E8vO3Tu7/ckU=
-15,-4,ppxH2Jfwc8qK7PuTZ1JYx3eD6eM=,yPPNbKdr9d3Nnu0E8vO3Tu7/ckU=
-12,-2,ppxH2Jfwc8qK7PuTZ1JYx3eD6eM=,yPPNbKdr9d3Nnu0E8vO3Tu7/ckU=
-14,-4,ppxH2Jfwc8qK7PuTZ1JYx3eD6eM=,yPPNbKdr9d3Nnu0E8vO3Tu7/ckU=
-13,-4,ppxH2Jfwc8qK7PuTZ1JYx3eD6eM=,yPPNbKdr9d3Nnu0E8vO3Tu7/ckU=
-12,-5,ppxH2Jfwc8qK7PuTZ1JYx3eD6eM=,yPPNbKdr9d3Nnu0E8vO3Tu7/ckU=
-15,-3,ppxH2Jfwc8qK7PuTZ1JYx3eD6eM=,yPPNbKdr9d3Nnu0E8vO3Tu7/ckU=
-14,-3,ppxH2Jfwc8qK7PuTZ1JYx3eD6eM=,yPPNbKdr9d3Nnu0E8vO3Tu7/ckU=
-13,-3,ppxH2Jfwc8qK7PuTZ1JYx3eD6eM=,yPPNbKdr9d3Nnu0E8vO3Tu7/ckU=
-13,-9,ppxH2Jfwc8qK7PuTZ1JYx3eD6eM=,yPPNbKdr9d3Nnu0E8vO3Tu7/ckU=
-16,-3,ppxH2Jfwc8qK7PuTZ1JYx3eD6eM=,yPPNbKdr9d3Nnu0E8vO3Tu7/ckU=
-14,-9,ppxH2Jfwc8qK7PuTZ1JYx3eD6eM=,yPPNbKdr9d3Nnu0E8vO3Tu7/ckU=
-5,-3,ppxH2Jfwc8qK7PuTZ1JYx3eD6eM=,yPPNbKdr9d3Nnu0E8vO3Tu7/ckU=
-5,-4,ppxH2Jfwc8qK7PuTZ1JYx3eD6eM=,yPPNbKdr9d3Nnu0E8vO3Tu7/ckU=
-6,-8,ppxH2Jfwc8qK7PuTZ1JYx3eD6eM=,yPPNbKdr9d3Nnu0E8vO3Tu7/ckU=
-11,-1,ppxH2Jfwc8qK7PuTZ1JYx3eD6eM=,yPPNbKdr9d3Nnu0E8vO3Tu7/ckU=
-14,-10,ppxH2Jfwc8qK7PuTZ1JYx3eD6eM=,yPPNbKdr9d3Nnu0E8vO3Tu7/ckU=
-14,-11,ppxH2Jfwc8qK7PuTZ1JYx3eD6eM=,yPPNbKdr9d3Nnu0E8vO3Tu7/ckU=
-12,-9,ppxH2Jfwc8qK7PuTZ1JYx3eD6eM=,yPPNbKdr9d3Nnu0E8vO3Tu7/ckU=
-13,-11,ppxH2Jfwc8qK7PuTZ1JYx3eD6eM=,yPPNbKdr9d3Nnu0E8vO3Tu7/ckU=
-4,-3,ppxH2Jfwc8qK7PuTZ1JYx3eD6eM=,SQXYsMb6j30kYSEcHLnwcBSvqOo=
-4,-6,ppxH2Jfwc8qK7PuTZ1JYx3eD6eM=,yPPNbKdr9d3Nnu0E8vO3Tu7/ckU=
-10,-1,ppxH2Jfwc8qK7PuTZ1JYx3eD6eM=,yPPNbKdr9d3Nnu0E8vO3Tu7/ckU=
-6,-9,ppxH2Jfwc8qK7PuTZ1JYx3eD6eM=,yPPNbKdr9d3Nnu0E8vO3Tu7/ckU=
-9,-1,ppxH2Jfwc8qK7PuTZ1JYx3eD6eM=,yPPNbKdr9d3Nnu0E8vO3Tu7/ckU=
-8,-1,ppxH2Jfwc8qK7PuTZ1JYx3eD6eM=,yPPNbKdr9d3Nnu0E8vO3Tu7/ckU=
-7,-1,ppxH2Jfwc8qK7PuTZ1JYx3eD6eM=,yPPNbKdr9d3Nnu0E8vO3Tu7/ckU=
-3,-8,ppxH2Jfwc8qK7PuTZ1JYx3eD6eM=,yPPNbKdr9d3Nnu0E8vO3Tu7/ckU=
-3,-3,ppxH2Jfwc8qK7PuTZ1JYx3eD6eM=,SQXYsMb6j30kYSEcHLnwcBSvqOo=
-5,-10,ppxH2Jfwc8qK7PuTZ1JYx3eD6eM=,yPPNbKdr9d3Nnu0E8vO3Tu7/ckU=
-3,-10,ppxH2Jfwc8qK7PuTZ1JYx3eD6eM=,yPPNbKdr9d3Nnu0E8vO3Tu7/ckU=
-6,-7,ppxH2Jfwc8qK7PuTZ1JYx3eD6eM=,yPPNbKdr9d3Nnu0E8vO3Tu7/ckU=
-3,-11,ppxH2Jfwc8qK7PuTZ1JYx3eD6eM=,yPPNbKdr9d3Nnu0E8vO3Tu7/ckU=
-3,-5,ppxH2Jfwc8qK7PuTZ1JYx3eD6eM=,yPPNbKdr9d3Nnu0E8vO3Tu7/ckU=
-1,-11,ppxH2Jfwc8qK7PuTZ1JYx3eD6eM=,yPPNbKdr9d3Nnu0E8vO3Tu7/ckU=
-1,-10,ppxH2Jfwc8qK7PuTZ1JYx3eD6eM=,yPPNbKdr9d3Nnu0E8vO3Tu7/ckU=
-1,-8,ppxH2Jfwc8qK7PuTZ1JYx3eD6eM=,yPPNbKdr9d3Nnu0E8vO3Tu7/ckU=
-1,-9,ppxH2Jfwc8qK7PuTZ1JYx3eD6eM=,yPPNbKdr9d3Nnu0E8vO3Tu7/ckU=
-4,-7,ppxH2Jfwc8qK7PuTZ1JYx3eD6eM=,yPPNbKdr9d3Nnu0E8vO3Tu7/ckU=
-13,-1,ppxH2Jfwc8qK7PuTZ1JYx3eD6eM=,yPPNbKdr9d3Nnu0E8vO3Tu7/ckU=
-2,-8,ppxH2Jfwc8qK7PuTZ1JYx3eD6eM=,yPPNbKdr9d3Nnu0E8vO3Tu7/ckU=
-4,-10,ppxH2Jfwc8qK7PuTZ1JYx3eD6eM=,yPPNbKdr9d3Nnu0E8vO3Tu7/ckU=
-4,-5,ppxH2Jfwc8qK7PuTZ1JYx3eD6eM=,yPPNbKdr9d3Nnu0E8vO3Tu7/ckU=
-5,-8,ppxH2Jfwc8qK7PuTZ1JYx3eD6eM=,yPPNbKdr9d3Nnu0E8vO3Tu7/ckU=
-2,-9,ppxH2Jfwc8qK7PuTZ1JYx3eD6eM=,yPPNbKdr9d3Nnu0E8vO3Tu7/ckU=
-3,-4,ppxH2Jfwc8qK7PuTZ1JYx3eD6eM=,SQXYsMb6j30kYSEcHLnwcBSvqOo=
-4,-8,ppxH2Jfwc8qK7PuTZ1JYx3eD6eM=,yPPNbKdr9d3Nnu0E8vO3Tu7/ckU=
-14,-1,ppxH2Jfwc8qK7PuTZ1JYx3eD6eM=,yPPNbKdr9d3Nnu0E8vO3Tu7/ckU=
-12,-1,ppxH2Jfwc8qK7PuTZ1JYx3eD6eM=,yPPNbKdr9d3Nnu0E8vO3Tu7/ckU=
-4,-4,ppxH2Jfwc8qK7PuTZ1JYx3eD6eM=,SQXYsMb6j30kYSEcHLnwcBSvqOo=
-3,-9,ppxH2Jfwc8qK7PuTZ1JYx3eD6eM=,yPPNbKdr9d3Nnu0E8vO3Tu7/ckU=
-2,-7,ppxH2Jfwc8qK7PuTZ1JYx3eD6eM=,yPPNbKdr9d3Nnu0E8vO3Tu7/ckU=
-3,-6,ppxH2Jfwc8qK7PuTZ1JYx3eD6eM=,yPPNbKdr9d3Nnu0E8vO3Tu7/ckU=
-6,-1,ppxH2Jfwc8qK7PuTZ1JYx3eD6eM=,yPPNbKdr9d3Nnu0E8vO3Tu7/ckU=
-15,-12,ppxH2Jfwc8qK7PuTZ1JYx3eD6eM=,yPPNbKdr9d3Nnu0E8vO3Tu7/ckU=
-14,-12,ppxH2Jfwc8qK7PuTZ1JYx3eD6eM=,yPPNbKdr9d3Nnu0E8vO3Tu7/ckU=
-12,-12,ppxH2Jfwc8qK7PuTZ1JYx3eD6eM=,yPPNbKdr9d3Nnu0E8vO3Tu7/ckU=
-11,-12,ppxH2Jfwc8qK7PuTZ1JYx3eD6eM=,yPPNbKdr9d3Nnu0E8vO3Tu7/ckU=
-10,-12,ppxH2Jfwc8qK7PuTZ1JYx3eD6eM=,yPPNbKdr9d3Nnu0E8vO3Tu7/ckU=
-3,-12,ppxH2Jfwc8qK7PuTZ1JYx3eD6eM=,yPPNbKdr9d3Nnu0E8vO3Tu7/ckU=
-13,-12,ppxH2Jfwc8qK7PuTZ1JYx3eD6eM=,yPPNbKdr9d3Nnu0E8vO3Tu7/ckU=
-8,-12,ppxH2Jfwc8qK7PuTZ1JYx3eD6eM=,yPPNbKdr9d3Nnu0E8vO3Tu7/ckU=
-2,-12,ppxH2Jfwc8qK7PuTZ1JYx3eD6eM=,yPPNbKdr9d3Nnu0E8vO3Tu7/ckU=
-4,-12,ppxH2Jfwc8qK7PuTZ1JYx3eD6eM=,yPPNbKdr9d3Nnu0E8vO3Tu7/ckU=
-4,-9,ppxH2Jfwc8qK7PuTZ1JYx3eD6eM=,yPPNbKdr9d3Nnu0E8vO3Tu7/ckU=
-16,-12,ppxH2Jfwc8qK7PuTZ1JYx3eD6eM=,yPPNbKdr9d3Nnu0E8vO3Tu7/ckU=
-16,-5,ppxH2Jfwc8qK7PuTZ1JYx3eD6eM=,yPPNbKdr9d3Nnu0E8vO3Tu7/ckU=
-16,-4,ppxH2Jfwc8qK7PuTZ1JYx3eD6eM=,yPPNbKdr9d3Nnu0E8vO3Tu7/ckU=
-16,-6,ppxH2Jfwc8qK7PuTZ1JYx3eD6eM=,yPPNbKdr9d3Nnu0E8vO3Tu7/ckU=
-1,-12,ppxH2Jfwc8qK7PuTZ1JYx3eD6eM=,yPPNbKdr9d3Nnu0E8vO3Tu7/ckU=
-1,-5,ppxH2Jfwc8qK7PuTZ1JYx3eD6eM=,yPPNbKdr9d3Nnu0E8vO3Tu7/ckU=
-7,-12,ppxH2Jfwc8qK7PuTZ1JYx3eD6eM=,yPPNbKdr9d3Nnu0E8vO3Tu7/ckU=
-4,-11,ppxH2Jfwc8qK7PuTZ1JYx3eD6eM=,yPPNbKdr9d3Nnu0E8vO3Tu7/ckU=
-16,-9,ppxH2Jfwc8qK7PuTZ1JYx3eD6eM=,yPPNbKdr9d3Nnu0E8vO3Tu7/ckU=
-6,-12,ppxH2Jfwc8qK7PuTZ1JYx3eD6eM=,yPPNbKdr9d3Nnu0E8vO3Tu7/ckU=
-3,-7,ppxH2Jfwc8qK7PuTZ1JYx3eD6eM=,yPPNbKdr9d3Nnu0E8vO3Tu7/ckU=
-5,-2,ppxH2Jfwc8qK7PuTZ1JYx3eD6eM=,yPPNbKdr9d3Nnu0E8vO3Tu7/ckU=
-6,-2,ppxH2Jfwc8qK7PuTZ1JYx3eD6eM=,yPPNbKdr9d3Nnu0E8vO3Tu7/ckU=
-2,-6,ppxH2Jfwc8qK7PuTZ1JYx3eD6eM=,yPPNbKdr9d3Nnu0E8vO3Tu7/ckU=
-5,-11,ppxH2Jfwc8qK7PuTZ1JYx3eD6eM=,yPPNbKdr9d3Nnu0E8vO3Tu7/ckU=
-16,-11,ppxH2Jfwc8qK7PuTZ1JYx3eD6eM=,yPPNbKdr9d3Nnu0E8vO3Tu7/ckU=
-1,-4,ppxH2Jfwc8qK7PuTZ1JYx3eD6eM=,SQXYsMb6j30kYSEcHLnwcBSvqOo=
-15,-11,ppxH2Jfwc8qK7PuTZ1JYx3eD6eM=,yPPNbKdr9d3Nnu0E8vO3Tu7/ckU=
-2,-5,ppxH2Jfwc8qK7PuTZ1JYx3eD6eM=,yPPNbKdr9d3Nnu0E8vO3Tu7/ckU=
-9,-12,ppxH2Jfwc8qK7PuTZ1JYx3eD6eM=,yPPNbKdr9d3Nnu0E8vO3Tu7/ckU=
-1,-6,ppxH2Jfwc8qK7PuTZ1JYx3eD6eM=,yPPNbKdr9d3Nnu0E8vO3Tu7/ckU=
-5,-12,ppxH2Jfwc8qK7PuTZ1JYx3eD6eM=,yPPNbKdr9d3Nnu0E8vO3Tu7/ckU=
-6,-11,ppxH2Jfwc8qK7PuTZ1JYx3eD6eM=,yPPNbKdr9d3Nnu0E8vO3Tu7/ckU=
-16,-10,ppxH2Jfwc8qK7PuTZ1JYx3eD6eM=,yPPNbKdr9d3Nnu0E8vO3Tu7/ckU=
-15,-7,ppxH2Jfwc8qK7PuTZ1JYx3eD6eM=,yPPNbKdr9d3Nnu0E8vO3Tu7/ckU=
-16,-7,ppxH2Jfwc8qK7PuTZ1JYx3eD6eM=,yPPNbKdr9d3Nnu0E8vO3Tu7/ckU=
-15,-10,ppxH2Jfwc8qK7PuTZ1JYx3eD6eM=,yPPNbKdr9d3Nnu0E8vO3Tu7/ckU=
-15,-8,ppxH2Jfwc8qK7PuTZ1JYx3eD6eM=,yPPNbKdr9d3Nnu0E8vO3Tu7/ckU=
-2,-4,ppxH2Jfwc8qK7PuTZ1JYx3eD6eM=,SQXYsMb6j30kYSEcHLnwcBSvqOo=
-2,-3,ppxH2Jfwc8qK7PuTZ1JYx3eD6eM=,SQXYsMb6j30kYSEcHLnwcBSvqOo=
-1,-3,ppxH2Jfwc8qK7PuTZ1JYx3eD6eM=,SQXYsMb6j30kYSEcHLnwcBSvqOo=
-15,-9,ppxH2Jfwc8qK7PuTZ1JYx3eD6eM=,yPPNbKdr9d3Nnu0E8vO3Tu7/ckU=
-16,-2,ppxH2Jfwc8qK7PuTZ1JYx3eD6eM=,yPPNbKdr9d3Nnu0E8vO3Tu7/ckU=
-15,-1,ppxH2Jfwc8qK7PuTZ1JYx3eD6eM=,yPPNbKdr9d3Nnu0E8vO3Tu7/ckU=
-16,-8,ppxH2Jfwc8qK7PuTZ1JYx3eD6eM=,yPPNbKdr9d3Nnu0E8vO3Tu7/ckU=
-15,-2,ppxH2Jfwc8qK7PuTZ1JYx3eD6eM=,yPPNbKdr9d3Nnu0E8vO3Tu7/ckU=
-1,-2,ppxH2Jfwc8qK7PuTZ1JYx3eD6eM=,SQXYsMb6j30kYSEcHLnwcBSvqOo=
-4,-1,ppxH2Jfwc8qK7PuTZ1JYx3eD6eM=,SQXYsMb6j30kYSEcHLnwcBSvqOo=
-5,-1,ppxH2Jfwc8qK7PuTZ1JYx3eD6eM=,yPPNbKdr9d3Nnu0E8vO3Tu7/ckU=
-16,-1,ppxH2Jfwc8qK7PuTZ1JYx3eD6eM=,yPPNbKdr9d3Nnu0E8vO3Tu7/ckU=
-4,-2,ppxH2Jfwc8qK7PuTZ1JYx3eD6eM=,SQXYsMb6j30kYSEcHLnwcBSvqOo=
-3,-1,ppxH2Jfwc8qK7PuTZ1JYx3eD6eM=,SQXYsMb6j30kYSEcHLnwcBSvqOo=
-3,-2,ppxH2Jfwc8qK7PuTZ1JYx3eD6eM=,SQXYsMb6j30kYSEcHLnwcBSvqOo=
-2,-1,ppxH2Jfwc8qK7PuTZ1JYx3eD6eM=,SQXYsMb6j30kYSEcHLnwcBSvqOo=
-2,-2,ppxH2Jfwc8qK7PuTZ1JYx3eD6eM=,SQXYsMb6j30kYSEcHLnwcBSvqOo=
-1,-1,ppxH2Jfwc8qK7PuTZ1JYx3eD6eM=,SQXYsMb6j30kYSEcHLnwcBSvqOo=
-19,-6,iTtCgj2yKi9SzAkQkZWBsLxhoBk=,yPPNbKdr9d3Nnu0E8vO3Tu7/ckU=
-19,-7,iTtCgj2yKi9SzAkQkZWBsLxhoBk=,yPPNbKdr9d3Nnu0E8vO3Tu7/ckU=
-18,-6,iTtCgj2yKi9SzAkQkZWBsLxhoBk=,yPPNbKdr9d3Nnu0E8vO3Tu7/ckU=
-18,-7,iTtCgj2yKi9SzAkQkZWBsLxhoBk=,yPPNbKdr9d3Nnu0E8vO3Tu7/ckU=
-22,-7,iTtCgj2yKi9SzAkQkZWBsLxhoBk=,yPPNbKdr9d3Nnu0E8vO3Tu7/ckU=
-20,-6,iTtCgj2yKi9SzAkQkZWBsLxhoBk=,yPPNbKdr9d3Nnu0E8vO3Tu7/ckU=
-20,-7,iTtCgj2yKi9SzAkQkZWBsLxhoBk=,yPPNbKdr9d3Nnu0E8vO3Tu7/ckU=
-23,-7,iTtCgj2yKi9SzAkQkZWBsLxhoBk=,yPPNbKdr9d3Nnu0E8vO3Tu7/ckU=
-18,-12,iTtCgj2yKi9SzAkQkZWBsLxhoBk=,yPPNbKdr9d3Nnu0E8vO3Tu7/ckU=
-19,-8,iTtCgj2yKi9SzAkQkZWBsLxhoBk=,yPPNbKdr9d3Nnu0E8vO3Tu7/ckU=
-19,-10,iTtCgj2yKi9SzAkQkZWBsLxhoBk=,yPPNbKdr9d3Nnu0E8vO3Tu7/ckU=
-19,-9,iTtCgj2yKi9SzAkQkZWBsLxhoBk=,yPPNbKdr9d3Nnu0E8vO3Tu7/ckU=
-19,-11,iTtCgj2yKi9SzAkQkZWBsLxhoBk=,yPPNbKdr9d3Nnu0E8vO3Tu7/ckU=
-19,-12,iTtCgj2yKi9SzAkQkZWBsLxhoBk=,yPPNbKdr9d3Nnu0E8vO3Tu7/ckU=
-23,-2,iTtCgj2yKi9SzAkQkZWBsLxhoBk=,yPPNbKdr9d3Nnu0E8vO3Tu7/ckU=
-22,-2,iTtCgj2yKi9SzAkQkZWBsLxhoBk=,yPPNbKdr9d3Nnu0E8vO3Tu7/ckU=
-22,-4,iTtCgj2yKi9SzAkQkZWBsLxhoBk=,yPPNbKdr9d3Nnu0E8vO3Tu7/ckU=
-23,-3,iTtCgj2yKi9SzAkQkZWBsLxhoBk=,yPPNbKdr9d3Nnu0E8vO3Tu7/ckU=
-22,-3,iTtCgj2yKi9SzAkQkZWBsLxhoBk=,yPPNbKdr9d3Nnu0E8vO3Tu7/ckU=
-24,-6,iTtCgj2yKi9SzAkQkZWBsLxhoBk=,yPPNbKdr9d3Nnu0E8vO3Tu7/ckU=
-24,-7,iTtCgj2yKi9SzAkQkZWBsLxhoBk=,yPPNbKdr9d3Nnu0E8vO3Tu7/ckU=
-18,-4,iTtCgj2yKi9SzAkQkZWBsLxhoBk=,yPPNbKdr9d3Nnu0E8vO3Tu7/ckU=
-20,-5,iTtCgj2yKi9SzAkQkZWBsLxhoBk=,yPPNbKdr9d3Nnu0E8vO3Tu7/ckU=
-20,-2,iTtCgj2yKi9SzAkQkZWBsLxhoBk=,yPPNbKdr9d3Nnu0E8vO3Tu7/ckU=
-20,-4,iTtCgj2yKi9SzAkQkZWBsLxhoBk=,yPPNbKdr9d3Nnu0E8vO3Tu7/ckU=
-19,-2,iTtCgj2yKi9SzAkQkZWBsLxhoBk=,yPPNbKdr9d3Nnu0E8vO3Tu7/ckU=
-22,-5,iTtCgj2yKi9SzAkQkZWBsLxhoBk=,yPPNbKdr9d3Nnu0E8vO3Tu7/ckU=
-21,-3,iTtCgj2yKi9SzAkQkZWBsLxhoBk=,yPPNbKdr9d3Nnu0E8vO3Tu7/ckU=
-21,-5,iTtCgj2yKi9SzAkQkZWBsLxhoBk=,yPPNbKdr9d3Nnu0E8vO3Tu7/ckU=
-18,-5,iTtCgj2yKi9SzAkQkZWBsLxhoBk=,yPPNbKdr9d3Nnu0E8vO3Tu7/ckU=
-18,-3,iTtCgj2yKi9SzAkQkZWBsLxhoBk=,yPPNbKdr9d3Nnu0E8vO3Tu7/ckU=
-19,-4,iTtCgj2yKi9SzAkQkZWBsLxhoBk=,yPPNbKdr9d3Nnu0E8vO3Tu7/ckU=
-21,-4,iTtCgj2yKi9SzAkQkZWBsLxhoBk=,yPPNbKdr9d3Nnu0E8vO3Tu7/ckU=
-19,-3,iTtCgj2yKi9SzAkQkZWBsLxhoBk=,yPPNbKdr9d3Nnu0E8vO3Tu7/ckU=
-21,-2,iTtCgj2yKi9SzAkQkZWBsLxhoBk=,yPPNbKdr9d3Nnu0E8vO3Tu7/ckU=
-20,-3,iTtCgj2yKi9SzAkQkZWBsLxhoBk=,yPPNbKdr9d3Nnu0E8vO3Tu7/ckU=
-19,-5,iTtCgj2yKi9SzAkQkZWBsLxhoBk=,yPPNbKdr9d3Nnu0E8vO3Tu7/ckU=
-21,-6,iTtCgj2yKi9SzAkQkZWBsLxhoBk=,yPPNbKdr9d3Nnu0E8vO3Tu7/ckU=
-22,-6,iTtCgj2yKi9SzAkQkZWBsLxhoBk=,yPPNbKdr9d3Nnu0E8vO3Tu7/ckU=
-19,-1,iTtCgj2yKi9SzAkQkZWBsLxhoBk=,yPPNbKdr9d3Nnu0E8vO3Tu7/ckU=
-17,-3,iTtCgj2yKi9SzAkQkZWBsLxhoBk=,yPPNbKdr9d3Nnu0E8vO3Tu7/ckU=
-23,-1,iTtCgj2yKi9SzAkQkZWBsLxhoBk=,yPPNbKdr9d3Nnu0E8vO3Tu7/ckU=
-22,-1,iTtCgj2yKi9SzAkQkZWBsLxhoBk=,yPPNbKdr9d3Nnu0E8vO3Tu7/ckU=
-21,-1,iTtCgj2yKi9SzAkQkZWBsLxhoBk=,yPPNbKdr9d3Nnu0E8vO3Tu7/ckU=
-24,-2,iTtCgj2yKi9SzAkQkZWBsLxhoBk=,yPPNbKdr9d3Nnu0E8vO3Tu7/ckU=
-20,-1,iTtCgj2yKi9SzAkQkZWBsLxhoBk=,yPPNbKdr9d3Nnu0E8vO3Tu7/ckU=
-25,-1,iTtCgj2yKi9SzAkQkZWBsLxhoBk=,yPPNbKdr9d3Nnu0E8vO3Tu7/ckU=
-24,-1,iTtCgj2yKi9SzAkQkZWBsLxhoBk=,yPPNbKdr9d3Nnu0E8vO3Tu7/ckU=
-24,-5,iTtCgj2yKi9SzAkQkZWBsLxhoBk=,yPPNbKdr9d3Nnu0E8vO3Tu7/ckU=
-27,-4,iTtCgj2yKi9SzAkQkZWBsLxhoBk=,yPPNbKdr9d3Nnu0E8vO3Tu7/ckU=
-23,-5,iTtCgj2yKi9SzAkQkZWBsLxhoBk=,yPPNbKdr9d3Nnu0E8vO3Tu7/ckU=
-25,-2,iTtCgj2yKi9SzAkQkZWBsLxhoBk=,yPPNbKdr9d3Nnu0E8vO3Tu7/ckU=
-23,-6,iTtCgj2yKi9SzAkQkZWBsLxhoBk=,yPPNbKdr9d3Nnu0E8vO3Tu7/ckU=
-27,-3,iTtCgj2yKi9SzAkQkZWBsLxhoBk=,yPPNbKdr9d3Nnu0E8vO3Tu7/ckU=
-25,-4,iTtCgj2yKi9SzAkQkZWBsLxhoBk=,yPPNbKdr9d3Nnu0E8vO3Tu7/ckU=
-26,-3,iTtCgj2yKi9SzAkQkZWBsLxhoBk=,yPPNbKdr9d3Nnu0E8vO3Tu7/ckU=
-28,-2,iTtCgj2yKi9SzAkQkZWBsLxhoBk=,yPPNbKdr9d3Nnu0E8vO3Tu7/ckU=
-28,-3,iTtCgj2yKi9SzAkQkZWBsLxhoBk=,yPPNbKdr9d3Nnu0E8vO3Tu7/ckU=
-26,-2,iTtCgj2yKi9SzAkQkZWBsLxhoBk=,yPPNbKdr9d3Nnu0E8vO3Tu7/ckU=
-29,-3,iTtCgj2yKi9SzAkQkZWBsLxhoBk=,yPPNbKdr9d3Nnu0E8vO3Tu7/ckU=
-26,-4,iTtCgj2yKi9SzAkQkZWBsLxhoBk=,yPPNbKdr9d3Nnu0E8vO3Tu7/ckU=
-27,-2,iTtCgj2yKi9SzAkQkZWBsLxhoBk=,yPPNbKdr9d3Nnu0E8vO3Tu7/ckU=
-28,-4,iTtCgj2yKi9SzAkQkZWBsLxhoBk=,yPPNbKdr9d3Nnu0E8vO3Tu7/ckU=
-30,-3,iTtCgj2yKi9SzAkQkZWBsLxhoBk=,yPPNbKdr9d3Nnu0E8vO3Tu7/ckU=
-31,-3,iTtCgj2yKi9SzAkQkZWBsLxhoBk=,yPPNbKdr9d3Nnu0E8vO3Tu7/ckU=
-24,-4,iTtCgj2yKi9SzAkQkZWBsLxhoBk=,yPPNbKdr9d3Nnu0E8vO3Tu7/ckU=
-24,-3,iTtCgj2yKi9SzAkQkZWBsLxhoBk=,yPPNbKdr9d3Nnu0E8vO3Tu7/ckU=
-29,-4,iTtCgj2yKi9SzAkQkZWBsLxhoBk=,yPPNbKdr9d3Nnu0E8vO3Tu7/ckU=
-25,-3,iTtCgj2yKi9SzAkQkZWBsLxhoBk=,yPPNbKdr9d3Nnu0E8vO3Tu7/ckU=
-27,-1,iTtCgj2yKi9SzAkQkZWBsLxhoBk=,yPPNbKdr9d3Nnu0E8vO3Tu7/ckU=
-26,-1,iTtCgj2yKi9SzAkQkZWBsLxhoBk=,yPPNbKdr9d3Nnu0E8vO3Tu7/ckU=
-23,-4,iTtCgj2yKi9SzAkQkZWBsLxhoBk=,yPPNbKdr9d3Nnu0E8vO3Tu7/ckU=
-29,-1,iTtCgj2yKi9SzAkQkZWBsLxhoBk=,yPPNbKdr9d3Nnu0E8vO3Tu7/ckU=
-30,-2,iTtCgj2yKi9SzAkQkZWBsLxhoBk=,yPPNbKdr9d3Nnu0E8vO3Tu7/ckU=
-31,-4,iTtCgj2yKi9SzAkQkZWBsLxhoBk=,yPPNbKdr9d3Nnu0E8vO3Tu7/ckU=
-28,-1,iTtCgj2yKi9SzAkQkZWBsLxhoBk=,yPPNbKdr9d3Nnu0E8vO3Tu7/ckU=
-30,-4,iTtCgj2yKi9SzAkQkZWBsLxhoBk=,yPPNbKdr9d3Nnu0E8vO3Tu7/ckU=
-32,-3,iTtCgj2yKi9SzAkQkZWBsLxhoBk=,yPPNbKdr9d3Nnu0E8vO3Tu7/ckU=
-29,-2,iTtCgj2yKi9SzAkQkZWBsLxhoBk=,yPPNbKdr9d3Nnu0E8vO3Tu7/ckU=
-17,-5,iTtCgj2yKi9SzAkQkZWBsLxhoBk=,yPPNbKdr9d3Nnu0E8vO3Tu7/ckU=
-17,-4,iTtCgj2yKi9SzAkQkZWBsLxhoBk=,yPPNbKdr9d3Nnu0E8vO3Tu7/ckU=
-17,-6,iTtCgj2yKi9SzAkQkZWBsLxhoBk=,yPPNbKdr9d3Nnu0E8vO3Tu7/ckU=
-17,-7,iTtCgj2yKi9SzAkQkZWBsLxhoBk=,yPPNbKdr9d3Nnu0E8vO3Tu7/ckU=
-32,-4,iTtCgj2yKi9SzAkQkZWBsLxhoBk=,yPPNbKdr9d3Nnu0E8vO3Tu7/ckU=
-20,-9,iTtCgj2yKi9SzAkQkZWBsLxhoBk=,yPPNbKdr9d3Nnu0E8vO3Tu7/ckU=
-23,-8,iTtCgj2yKi9SzAkQkZWBsLxhoBk=,yPPNbKdr9d3Nnu0E8vO3Tu7/ckU=
-20,-10,iTtCgj2yKi9SzAkQkZWBsLxhoBk=,yPPNbKdr9d3Nnu0E8vO3Tu7/ckU=
-20,-8,iTtCgj2yKi9SzAkQkZWBsLxhoBk=,yPPNbKdr9d3Nnu0E8vO3Tu7/ckU=
-21,-7,iTtCgj2yKi9SzAkQkZWBsLxhoBk=,yPPNbKdr9d3Nnu0E8vO3Tu7/ckU=
-22,-8,iTtCgj2yKi9SzAkQkZWBsLxhoBk=,yPPNbKdr9d3Nnu0E8vO3Tu7/ckU=
-21,-8,iTtCgj2yKi9SzAkQkZWBsLxhoBk=,yPPNbKdr9d3Nnu0E8vO3Tu7/ckU=
-20,-11,iTtCgj2yKi9SzAkQkZWBsLxhoBk=,yPPNbKdr9d3Nnu0E8vO3Tu7/ckU=
-20,-12,iTtCgj2yKi9SzAkQkZWBsLxhoBk=,yPPNbKdr9d3Nnu0E8vO3Tu7/ckU=
-24,-8,iTtCgj2yKi9SzAkQkZWBsLxhoBk=,yPPNbKdr9d3Nnu0E8vO3Tu7/ckU=
-17,-12,iTtCgj2yKi9SzAkQkZWBsLxhoBk=,yPPNbKdr9d3Nnu0E8vO3Tu7/ckU=
-18,-8,iTtCgj2yKi9SzAkQkZWBsLxhoBk=,yPPNbKdr9d3Nnu0E8vO3Tu7/ckU=
-32,-1,iTtCgj2yKi9SzAkQkZWBsLxhoBk=,yPPNbKdr9d3Nnu0E8vO3Tu7/ckU=
-31,-2,iTtCgj2yKi9SzAkQkZWBsLxhoBk=,yPPNbKdr9d3Nnu0E8vO3Tu7/ckU=
-18,-11,iTtCgj2yKi9SzAkQkZWBsLxhoBk=,yPPNbKdr9d3Nnu0E8vO3Tu7/ckU=
-17,-2,iTtCgj2yKi9SzAkQkZWBsLxhoBk=,yPPNbKdr9d3Nnu0E8vO3Tu7/ckU=
-18,-9,iTtCgj2yKi9SzAkQkZWBsLxhoBk=,yPPNbKdr9d3Nnu0E8vO3Tu7/ckU=
-30,-1,iTtCgj2yKi9SzAkQkZWBsLxhoBk=,yPPNbKdr9d3Nnu0E8vO3Tu7/ckU=
-18,-2,iTtCgj2yKi9SzAkQkZWBsLxhoBk=,yPPNbKdr9d3Nnu0E8vO3Tu7/ckU=
-18,-1,iTtCgj2yKi9SzAkQkZWBsLxhoBk=,yPPNbKdr9d3Nnu0E8vO3Tu7/ckU=
-18,-10,iTtCgj2yKi9SzAkQkZWBsLxhoBk=,yPPNbKdr9d3Nnu0E8vO3Tu7/ckU=
-17,-8,iTtCgj2yKi9SzAkQkZWBsLxhoBk=,yPPNbKdr9d3Nnu0E8vO3Tu7/ckU=
-31,-1,iTtCgj2yKi9SzAkQkZWBsLxhoBk=,yPPNbKdr9d3Nnu0E8vO3Tu7/ckU=
-17,-9,iTtCgj2yKi9SzAkQkZWBsLxhoBk=,yPPNbKdr9d3Nnu0E8vO3Tu7/ckU=
-32,-2,iTtCgj2yKi9SzAkQkZWBsLxhoBk=,yPPNbKdr9d3Nnu0E8vO3Tu7/ckU=
-17,-1,iTtCgj2yKi9SzAkQkZWBsLxhoBk=,yPPNbKdr9d3Nnu0E8vO3Tu7/ckU=
-17,-10,iTtCgj2yKi9SzAkQkZWBsLxhoBk=,yPPNbKdr9d3Nnu0E8vO3Tu7/ckU=
-17,-11,iTtCgj2yKi9SzAkQkZWBsLxhoBk=,yPPNbKdr9d3Nnu0E8vO3Tu7/ckU=
