41,13,acsU8EXuYTEn8gKKdsQ4uDeYv70=,gF04Jmeg16v1oc/F/o59FeFq4KI=
44,13,acsU8EXuYTEn8gKKdsQ4uDeYv70=,g2LG6lXbUY0A9JgILNIhK/6N0Hw=
45,13,acsU8EXuYTEn8gKKdsQ4uDeYv70=,g2LG6lXbUY0A9JgILNIhK/6N0Hw=
43,13,acsU8EXuYTEn8gKKdsQ4uDeYv70=,gF04Jmeg16v1oc/F/o59FeFq4KI=
46,13,acsU8EXuYTEn8gKKdsQ4uDeYv70=,g2LG6lXbUY0A9JgILNIhK/6N0Hw=
44,14,acsU8EXuYTEn8gKKdsQ4uDeYv70=,g2LG6lXbUY0A9JgILNIhK/6N0Hw=
45,14,acsU8EXuYTEn8gKKdsQ4uDeYv70=,g2LG6lXbUY0A9JgILNIhK/6N0Hw=
46,14,acsU8EXuYTEn8gKKdsQ4uDeYv70=,g2LG6lXbUY0A9JgILNIhK/6N0Hw=
43,14,acsU8EXuYTEn8gKKdsQ4uDeYv70=,gF04Jmeg16v1oc/F/o59FeFq4KI=
42,14,acsU8EXuYTEn8gKKdsQ4uDeYv70=,gF04Jmeg16v1oc/F/o59FeFq4KI=
41,14,acsU8EXuYTEn8gKKdsQ4uDeYv70=,gF04Jmeg16v1oc/F/o59FeFq4KI=
42,13,acsU8EXuYTEn8gKKdsQ4uDeYv70=,gF04Jmeg16v1oc/F/o59FeFq4KI=
37,14,acsU8EXuYTEn8gKKdsQ4uDeYv70=,trnQlLaCbpiNLI/fMXqEn/Sa0JU=
45,15,acsU8EXuYTEn8gKKdsQ4uDeYv70=,g2LG6lXbUY0A9JgILNIhK/6N0Hw=
46,15,acsU8EXuYTEn8gKKdsQ4uDeYv70=,g2LG6lXbUY0A9JgILNIhK/6N0Hw=
37,12,acsU8EXuYTEn8gKKdsQ4uDeYv70=,trnQlLaCbpiNLI/fMXqEn/Sa0JU=
38,12,acsU8EXuYTEn8gKKdsQ4uDeYv70=,trnQlLaCbpiNLI/fMXqEn/Sa0JU=
38,13,acsU8EXuYTEn8gKKdsQ4uDeYv70=,trnQlLaCbpiNLI/fMXqEn/Sa0JU=
39,13,acsU8EXuYTEn8gKKdsQ4uDeYv70=,trnQlLaCbpiNLI/fMXqEn/Sa0JU=
40,13,acsU8EXuYTEn8gKKdsQ4uDeYv70=,gF04Jmeg16v1oc/F/o59FeFq4KI=
38,14,acsU8EXuYTEn8gKKdsQ4uDeYv70=,trnQlLaCbpiNLI/fMXqEn/Sa0JU=
39,14,acsU8EXuYTEn8gKKdsQ4uDeYv70=,trnQlLaCbpiNLI/fMXqEn/Sa0JU=
37,13,acsU8EXuYTEn8gKKdsQ4uDeYv70=,trnQlLaCbpiNLI/fMXqEn/Sa0JU=
40,14,acsU8EXuYTEn8gKKdsQ4uDeYv70=,gF04Jmeg16v1oc/F/o59FeFq4KI=
33,6,acsU8EXuYTEn8gKKdsQ4uDeYv70=,IGYA76ozNtuqoYr5+3V23VLpLAk=
36,5,acsU8EXuYTEn8gKKdsQ4uDeYv70=,ZDmcfc2QMvnXmyLJ3eGVsli5LHE=
37,5,acsU8EXuYTEn8gKKdsQ4uDeYv70=,ZDmcfc2QMvnXmyLJ3eGVsli5LHE=
38,5,acsU8EXuYTEn8gKKdsQ4uDeYv70=,ZDmcfc2QMvnXmyLJ3eGVsli5LHE=
36,6,acsU8EXuYTEn8gKKdsQ4uDeYv70=,ZDmcfc2QMvnXmyLJ3eGVsli5LHE=
37,6,acsU8EXuYTEn8gKKdsQ4uDeYv70=,ZDmcfc2QMvnXmyLJ3eGVsli5LHE=
38,6,acsU8EXuYTEn8gKKdsQ4uDeYv70=,ZDmcfc2QMvnXmyLJ3eGVsli5LHE=
35,6,uJfO+Kkokbvojda8L5FA3dCFIDY=,IGYA76ozNtuqoYr5+3V23VLpLAk=
37,7,uJfO+Kkokbvojda8L5FA3dCFIDY=,ZDmcfc2QMvnXmyLJ3eGVsli5LHE=
38,7,uJfO+Kkokbvojda8L5FA3dCFIDY=,ZDmcfc2QMvnXmyLJ3eGVsli5LHE=
35,5,uJfO+Kkokbvojda8L5FA3dCFIDY=,IGYA76ozNtuqoYr5+3V23VLpLAk=
36,7,uJfO+Kkokbvojda8L5FA3dCFIDY=,ZDmcfc2QMvnXmyLJ3eGVsli5LHE=
33,7,uJfO+Kkokbvojda8L5FA3dCFIDY=,IGYA76ozNtuqoYr5+3V23VLpLAk=
35,10,uJfO+Kkokbvojda8L5FA3dCFIDY=,DGNjacFuNgsFVnuc1ibsrQRRYvo=
34,7,uJfO+Kkokbvojda8L5FA3dCFIDY=,IGYA76ozNtuqoYr5+3V23VLpLAk=
35,7,uJfO+Kkokbvojda8L5FA3dCFIDY=,IGYA76ozNtuqoYr5+3V23VLpLAk=
35,9,uJfO+Kkokbvojda8L5FA3dCFIDY=,DGNjacFuNgsFVnuc1ibsrQRRYvo=
35,8,uJfO+Kkokbvojda8L5FA3dCFIDY=,DGNjacFuNgsFVnuc1ibsrQRRYvo=
36,12,uJfO+Kkokbvojda8L5FA3dCFIDY=,trnQlLaCbpiNLI/fMXqEn/Sa0JU=
33,12,uJfO+Kkokbvojda8L5FA3dCFIDY=,bB1/kr8Q9LO50Q393FmwBA8hAb4=
34,12,uJfO+Kkokbvojda8L5FA3dCFIDY=,bB1/kr8Q9LO50Q393FmwBA8hAb4=
35,12,uJfO+Kkokbvojda8L5FA3dCFIDY=,bB1/kr8Q9LO50Q393FmwBA8hAb4=
36,13,uJfO+Kkokbvojda8L5FA3dCFIDY=,trnQlLaCbpiNLI/fMXqEn/Sa0JU=
35,11,uJfO+Kkokbvojda8L5FA3dCFIDY=,DGNjacFuNgsFVnuc1ibsrQRRYvo=
39,5,uJfO+Kkokbvojda8L5FA3dCFIDY=,ZDmcfc2QMvnXmyLJ3eGVsli5LHE=
39,6,uJfO+Kkokbvojda8L5FA3dCFIDY=,ZDmcfc2QMvnXmyLJ3eGVsli5LHE=
34,11,uJfO+Kkokbvojda8L5FA3dCFIDY=,DGNjacFuNgsFVnuc1ibsrQRRYvo=
35,13,uJfO+Kkokbvojda8L5FA3dCFIDY=,bB1/kr8Q9LO50Q393FmwBA8hAb4=
34,13,uJfO+Kkokbvojda8L5FA3dCFIDY=,bB1/kr8Q9LO50Q393FmwBA8hAb4=
34,10,uJfO+Kkokbvojda8L5FA3dCFIDY=,DGNjacFuNgsFVnuc1ibsrQRRYvo=
32,6,uJfO+Kkokbvojda8L5FA3dCFIDY=,IGYA76ozNtuqoYr5+3V23VLpLAk=
32,5,uJfO+Kkokbvojda8L5FA3dCFIDY=,IGYA76ozNtuqoYr5+3V23VLpLAk=
34,5,uJfO+Kkokbvojda8L5FA3dCFIDY=,IGYA76ozNtuqoYr5+3V23VLpLAk=
33,5,uJfO+Kkokbvojda8L5FA3dCFIDY=,IGYA76ozNtuqoYr5+3V23VLpLAk=
32,2,uJfO+Kkokbvojda8L5FA3dCFIDY=,FTI0LDMRALlcnDXxQshOubh9tu8=
32,3,uJfO+Kkokbvojda8L5FA3dCFIDY=,FTI0LDMRALlcnDXxQshOubh9tu8=
32,4,uJfO+Kkokbvojda8L5FA3dCFIDY=,IGYA76ozNtuqoYr5+3V23VLpLAk=
33,4,uJfO+Kkokbvojda8L5FA3dCFIDY=,IGYA76ozNtuqoYr5+3V23VLpLAk=
34,4,uJfO+Kkokbvojda8L5FA3dCFIDY=,IGYA76ozNtuqoYr5+3V23VLpLAk=
34,1,uJfO+Kkokbvojda8L5FA3dCFIDY=,FTI0LDMRALlcnDXxQshOubh9tu8=
34,0,uJfO+Kkokbvojda8L5FA3dCFIDY=,FTI0LDMRALlcnDXxQshOubh9tu8=
33,3,uJfO+Kkokbvojda8L5FA3dCFIDY=,FTI0LDMRALlcnDXxQshOubh9tu8=
34,2,uJfO+Kkokbvojda8L5FA3dCFIDY=,FTI0LDMRALlcnDXxQshOubh9tu8=
33,0,uJfO+Kkokbvojda8L5FA3dCFIDY=,FTI0LDMRALlcnDXxQshOubh9tu8=
33,2,uJfO+Kkokbvojda8L5FA3dCFIDY=,FTI0LDMRALlcnDXxQshOubh9tu8=
34,3,uJfO+Kkokbvojda8L5FA3dCFIDY=,FTI0LDMRALlcnDXxQshOubh9tu8=
32,1,uJfO+Kkokbvojda8L5FA3dCFIDY=,FTI0LDMRALlcnDXxQshOubh9tu8=
33,1,uJfO+Kkokbvojda8L5FA3dCFIDY=,FTI0LDMRALlcnDXxQshOubh9tu8=
36,0,uJfO+Kkokbvojda8L5FA3dCFIDY=,kEu5xxjQgwOPsPuZ7WMv2/YHNO0=
37,0,uJfO+Kkokbvojda8L5FA3dCFIDY=,kEu5xxjQgwOPsPuZ7WMv2/YHNO0=
38,0,uJfO+Kkokbvojda8L5FA3dCFIDY=,kEu5xxjQgwOPsPuZ7WMv2/YHNO0=
39,3,uJfO+Kkokbvojda8L5FA3dCFIDY=,kEu5xxjQgwOPsPuZ7WMv2/YHNO0=
35,0,uJfO+Kkokbvojda8L5FA3dCFIDY=,FTI0LDMRALlcnDXxQshOubh9tu8=
38,4,uJfO+Kkokbvojda8L5FA3dCFIDY=,ZDmcfc2QMvnXmyLJ3eGVsli5LHE=
38,2,uJfO+Kkokbvojda8L5FA3dCFIDY=,kEu5xxjQgwOPsPuZ7WMv2/YHNO0=
37,1,uJfO+Kkokbvojda8L5FA3dCFIDY=,kEu5xxjQgwOPsPuZ7WMv2/YHNO0=
36,1,uJfO+Kkokbvojda8L5FA3dCFIDY=,kEu5xxjQgwOPsPuZ7WMv2/YHNO0=
35,1,uJfO+Kkokbvojda8L5FA3dCFIDY=,FTI0LDMRALlcnDXxQshOubh9tu8=
38,3,uJfO+Kkokbvojda8L5FA3dCFIDY=,kEu5xxjQgwOPsPuZ7WMv2/YHNO0=
39,2,uJfO+Kkokbvojda8L5FA3dCFIDY=,kEu5xxjQgwOPsPuZ7WMv2/YHNO0=
39,4,uJfO+Kkokbvojda8L5FA3dCFIDY=,ZDmcfc2QMvnXmyLJ3eGVsli5LHE=
39,1,uJfO+Kkokbvojda8L5FA3dCFIDY=,kEu5xxjQgwOPsPuZ7WMv2/YHNO0=
32,7,uJfO+Kkokbvojda8L5FA3dCFIDY=,IGYA76ozNtuqoYr5+3V23VLpLAk=
32,11,uJfO+Kkokbvojda8L5FA3dCFIDY=,DGNjacFuNgsFVnuc1ibsrQRRYvo=
38,15,uJfO+Kkokbvojda8L5FA3dCFIDY=,trnQlLaCbpiNLI/fMXqEn/Sa0JU=
32,13,uJfO+Kkokbvojda8L5FA3dCFIDY=,bB1/kr8Q9LO50Q393FmwBA8hAb4=
32,12,uJfO+Kkokbvojda8L5FA3dCFIDY=,bB1/kr8Q9LO50Q393FmwBA8hAb4=
40,15,uJfO+Kkokbvojda8L5FA3dCFIDY=,gF04Jmeg16v1oc/F/o59FeFq4KI=
41,15,uJfO+Kkokbvojda8L5FA3dCFIDY=,gF04Jmeg16v1oc/F/o59FeFq4KI=
39,15,uJfO+Kkokbvojda8L5FA3dCFIDY=,trnQlLaCbpiNLI/fMXqEn/Sa0JU=
44,15,uJfO+Kkokbvojda8L5FA3dCFIDY=,g2LG6lXbUY0A9JgILNIhK/6N0Hw=
42,15,uJfO+Kkokbvojda8L5FA3dCFIDY=,gF04Jmeg16v1oc/F/o59FeFq4KI=
43,15,uJfO+Kkokbvojda8L5FA3dCFIDY=,gF04Jmeg16v1oc/F/o59FeFq4KI=
39,12,uJfO+Kkokbvojda8L5FA3dCFIDY=,trnQlLaCbpiNLI/fMXqEn/Sa0JU=
40,12,uJfO+Kkokbvojda8L5FA3dCFIDY=,gF04Jmeg16v1oc/F/o59FeFq4KI=
41,12,uJfO+Kkokbvojda8L5FA3dCFIDY=,gF04Jmeg16v1oc/F/o59FeFq4KI=
39,7,uJfO+Kkokbvojda8L5FA3dCFIDY=,ZDmcfc2QMvnXmyLJ3eGVsli5LHE=
42,12,uJfO+Kkokbvojda8L5FA3dCFIDY=,gF04Jmeg16v1oc/F/o59FeFq4KI=
44,12,uJfO+Kkokbvojda8L5FA3dCFIDY=,g2LG6lXbUY0A9JgILNIhK/6N0Hw=
45,12,uJfO+Kkokbvojda8L5FA3dCFIDY=,g2LG6lXbUY0A9JgILNIhK/6N0Hw=
46,12,uJfO+Kkokbvojda8L5FA3dCFIDY=,g2LG6lXbUY0A9JgILNIhK/6N0Hw=
43,12,uJfO+Kkokbvojda8L5FA3dCFIDY=,gF04Jmeg16v1oc/F/o59FeFq4KI=
47,13,uJfO+Kkokbvojda8L5FA3dCFIDY=,g2LG6lXbUY0A9JgILNIhK/6N0Hw=
47,14,uJfO+Kkokbvojda8L5FA3dCFIDY=,g2LG6lXbUY0A9JgILNIhK/6N0Hw=
37,15,uJfO+Kkokbvojda8L5FA3dCFIDY=,trnQlLaCbpiNLI/fMXqEn/Sa0JU=
32,10,uJfO+Kkokbvojda8L5FA3dCFIDY=,DGNjacFuNgsFVnuc1ibsrQRRYvo=
34,9,uJfO+Kkokbvojda8L5FA3dCFIDY=,DGNjacFuNgsFVnuc1ibsrQRRYvo=
33,13,uJfO+Kkokbvojda8L5FA3dCFIDY=,bB1/kr8Q9LO50Q393FmwBA8hAb4=
34,6,uJfO+Kkokbvojda8L5FA3dCFIDY=,IGYA76ozNtuqoYr5+3V23VLpLAk=
47,15,uJfO+Kkokbvojda8L5FA3dCFIDY=,g2LG6lXbUY0A9JgILNIhK/6N0Hw=
47,12,uJfO+Kkokbvojda8L5FA3dCFIDY=,g2LG6lXbUY0A9JgILNIhK/6N0Hw=
39,0,uJfO+Kkokbvojda8L5FA3dCFIDY=,kEu5xxjQgwOPsPuZ7WMv2/YHNO0=
38,1,uJfO+Kkokbvojda8L5FA3dCFIDY=,kEu5xxjQgwOPsPuZ7WMv2/YHNO0=
32,0,uJfO+Kkokbvojda8L5FA3dCFIDY=,FTI0LDMRALlcnDXxQshOubh9tu8=
32,8,uJfO+Kkokbvojda8L5FA3dCFIDY=,DGNjacFuNgsFVnuc1ibsrQRRYvo=
37,2,uJfO+Kkokbvojda8L5FA3dCFIDY=,kEu5xxjQgwOPsPuZ7WMv2/YHNO0=
36,2,uJfO+Kkokbvojda8L5FA3dCFIDY=,kEu5xxjQgwOPsPuZ7WMv2/YHNO0=
37,4,uJfO+Kkokbvojda8L5FA3dCFIDY=,ZDmcfc2QMvnXmyLJ3eGVsli5LHE=
34,8,uJfO+Kkokbvojda8L5FA3dCFIDY=,DGNjacFuNgsFVnuc1ibsrQRRYvo=
37,3,uJfO+Kkokbvojda8L5FA3dCFIDY=,kEu5xxjQgwOPsPuZ7WMv2/YHNO0=
36,4,uJfO+Kkokbvojda8L5FA3dCFIDY=,ZDmcfc2QMvnXmyLJ3eGVsli5LHE=
36,3,uJfO+Kkokbvojda8L5FA3dCFIDY=,kEu5xxjQgwOPsPuZ7WMv2/YHNO0=
33,11,uJfO+Kkokbvojda8L5FA3dCFIDY=,DGNjacFuNgsFVnuc1ibsrQRRYvo=
32,9,uJfO+Kkokbvojda8L5FA3dCFIDY=,DGNjacFuNgsFVnuc1ibsrQRRYvo=
33,9,uJfO+Kkokbvojda8L5FA3dCFIDY=,DGNjacFuNgsFVnuc1ibsrQRRYvo=
36,15,uJfO+Kkokbvojda8L5FA3dCFIDY=,trnQlLaCbpiNLI/fMXqEn/Sa0JU=
35,2,uJfO+Kkokbvojda8L5FA3dCFIDY=,FTI0LDMRALlcnDXxQshOubh9tu8=
35,4,uJfO+Kkokbvojda8L5FA3dCFIDY=,IGYA76ozNtuqoYr5+3V23VLpLAk=
35,3,uJfO+Kkokbvojda8L5FA3dCFIDY=,FTI0LDMRALlcnDXxQshOubh9tu8=
36,14,uJfO+Kkokbvojda8L5FA3dCFIDY=,trnQlLaCbpiNLI/fMXqEn/Sa0JU=
33,8,uJfO+Kkokbvojda8L5FA3dCFIDY=,DGNjacFuNgsFVnuc1ibsrQRRYvo=
33,10,uJfO+Kkokbvojda8L5FA3dCFIDY=,DGNjacFuNgsFVnuc1ibsrQRRYvo=
35,15,uJfO+Kkokbvojda8L5FA3dCFIDY=,bB1/kr8Q9LO50Q393FmwBA8hAb4=
33,15,uJfO+Kkokbvojda8L5FA3dCFIDY=,bB1/kr8Q9LO50Q393FmwBA8hAb4=
34,14,uJfO+Kkokbvojda8L5FA3dCFIDY=,bB1/kr8Q9LO50Q393FmwBA8hAb4=
34,15,uJfO+Kkokbvojda8L5FA3dCFIDY=,bB1/kr8Q9LO50Q393FmwBA8hAb4=
35,14,uJfO+Kkokbvojda8L5FA3dCFIDY=,bB1/kr8Q9LO50Q393FmwBA8hAb4=
32,15,uJfO+Kkokbvojda8L5FA3dCFIDY=,bB1/kr8Q9LO50Q393FmwBA8hAb4=
33,14,uJfO+Kkokbvojda8L5FA3dCFIDY=,bB1/kr8Q9LO50Q393FmwBA8hAb4=
32,14,uJfO+Kkokbvojda8L5FA3dCFIDY=,bB1/kr8Q9LO50Q393FmwBA8hAb4=
37,26,MXwa6Cq5KQCTDgjure9840KUL5Y=,OWXwsQ1ZWiTI+LNzD1bhuv3nxTk=
38,26,MXwa6Cq5KQCTDgjure9840KUL5Y=,OWXwsQ1ZWiTI+LNzD1bhuv3nxTk=
39,26,MXwa6Cq5KQCTDgjure9840KUL5Y=,OWXwsQ1ZWiTI+LNzD1bhuv3nxTk=
40,25,MXwa6Cq5KQCTDgjure9840KUL5Y=,Hd0rOla4hrEh/+LESHIXDq9CfVA=
40,26,MXwa6Cq5KQCTDgjure9840KUL5Y=,Hd0rOla4hrEh/+LESHIXDq9CfVA=
37,25,MXwa6Cq5KQCTDgjure9840KUL5Y=,OWXwsQ1ZWiTI+LNzD1bhuv3nxTk=
38,25,MXwa6Cq5KQCTDgjure9840KUL5Y=,OWXwsQ1ZWiTI+LNzD1bhuv3nxTk=
39,25,MXwa6Cq5KQCTDgjure9840KUL5Y=,OWXwsQ1ZWiTI+LNzD1bhuv3nxTk=
43,23,MXwa6Cq5KQCTDgjure9840KUL5Y=,oLKogtoyKNKxfyF64cPKav3hRJk=
39,22,MXwa6Cq5KQCTDgjure9840KUL5Y=,rM6gCGpaxqk/0ZHYVEzmQyEqci0=
38,24,MXwa6Cq5KQCTDgjure9840KUL5Y=,OWXwsQ1ZWiTI+LNzD1bhuv3nxTk=
39,23,MXwa6Cq5KQCTDgjure9840KUL5Y=,rM6gCGpaxqk/0ZHYVEzmQyEqci0=
40,22,MXwa6Cq5KQCTDgjure9840KUL5Y=,oLKogtoyKNKxfyF64cPKav3hRJk=
40,24,MXwa6Cq5KQCTDgjure9840KUL5Y=,Hd0rOla4hrEh/+LESHIXDq9CfVA=
39,21,MXwa6Cq5KQCTDgjure9840KUL5Y=,rM6gCGpaxqk/0ZHYVEzmQyEqci0=
39,24,MXwa6Cq5KQCTDgjure9840KUL5Y=,OWXwsQ1ZWiTI+LNzD1bhuv3nxTk=
40,23,MXwa6Cq5KQCTDgjure9840KUL5Y=,oLKogtoyKNKxfyF64cPKav3hRJk=
40,21,MXwa6Cq5KQCTDgjure9840KUL5Y=,oLKogtoyKNKxfyF64cPKav3hRJk=
41,25,MXwa6Cq5KQCTDgjure9840KUL5Y=,Hd0rOla4hrEh/+LESHIXDq9CfVA=
41,24,MXwa6Cq5KQCTDgjure9840KUL5Y=,Hd0rOla4hrEh/+LESHIXDq9CfVA=
41,22,MXwa6Cq5KQCTDgjure9840KUL5Y=,oLKogtoyKNKxfyF64cPKav3hRJk=
41,23,MXwa6Cq5KQCTDgjure9840KUL5Y=,oLKogtoyKNKxfyF64cPKav3hRJk=
38,23,MXwa6Cq5KQCTDgjure9840KUL5Y=,rM6gCGpaxqk/0ZHYVEzmQyEqci0=
38,22,MXwa6Cq5KQCTDgjure9840KUL5Y=,rM6gCGpaxqk/0ZHYVEzmQyEqci0=
42,25,MXwa6Cq5KQCTDgjure9840KUL5Y=,Hd0rOla4hrEh/+LESHIXDq9CfVA=
43,25,MXwa6Cq5KQCTDgjure9840KUL5Y=,Hd0rOla4hrEh/+LESHIXDq9CfVA=
42,24,LW6VKpHdX7iCBvLrvMaEMeBSI64=,Hd0rOla4hrEh/+LESHIXDq9CfVA=
44,25,LW6VKpHdX7iCBvLrvMaEMeBSI64=,t3Kum7hL27D4fQ9IBAOsCRmKGwo=
45,25,LW6VKpHdX7iCBvLrvMaEMeBSI64=,t3Kum7hL27D4fQ9IBAOsCRmKGwo=
43,24,LW6VKpHdX7iCBvLrvMaEMeBSI64=,Hd0rOla4hrEh/+LESHIXDq9CfVA=
45,22,LW6VKpHdX7iCBvLrvMaEMeBSI64=,ZRwBuEBeDW01T2kS6LYRGjUpQbM=
44,22,LW6VKpHdX7iCBvLrvMaEMeBSI64=,ZRwBuEBeDW01T2kS6LYRGjUpQbM=
42,23,LW6VKpHdX7iCBvLrvMaEMeBSI64=,oLKogtoyKNKxfyF64cPKav3hRJk=
42,22,LW6VKpHdX7iCBvLrvMaEMeBSI64=,oLKogtoyKNKxfyF64cPKav3hRJk=
44,24,LW6VKpHdX7iCBvLrvMaEMeBSI64=,t3Kum7hL27D4fQ9IBAOsCRmKGwo=
38,17,i5tJTyxZtQ18bnan/qesl4guupo=,ClTiMa+reTaslLHyyf/CCnu56DE=
45,23,i5tJTyxZtQ18bnan/qesl4guupo=,ZRwBuEBeDW01T2kS6LYRGjUpQbM=
45,24,i5tJTyxZtQ18bnan/qesl4guupo=,t3Kum7hL27D4fQ9IBAOsCRmKGwo=
43,22,i5tJTyxZtQ18bnan/qesl4guupo=,oLKogtoyKNKxfyF64cPKav3hRJk=
35,24,i5tJTyxZtQ18bnan/qesl4guupo=,cRpJcinSPenEf8cPYGJMHk9Oyr8=
44,23,i5tJTyxZtQ18bnan/qesl4guupo=,ZRwBuEBeDW01T2kS6LYRGjUpQbM=
37,24,i5tJTyxZtQ18bnan/qesl4guupo=,OWXwsQ1ZWiTI+LNzD1bhuv3nxTk=
37,22,i5tJTyxZtQ18bnan/qesl4guupo=,rM6gCGpaxqk/0ZHYVEzmQyEqci0=
34,24,i5tJTyxZtQ18bnan/qesl4guupo=,cRpJcinSPenEf8cPYGJMHk9Oyr8=
39,17,i5tJTyxZtQ18bnan/qesl4guupo=,ClTiMa+reTaslLHyyf/CCnu56DE=
41,16,i5tJTyxZtQ18bnan/qesl4guupo=,VR0zIHBVoABXspNddhfcuHW9PSU=
37,23,i5tJTyxZtQ18bnan/qesl4guupo=,rM6gCGpaxqk/0ZHYVEzmQyEqci0=
39,20,i5tJTyxZtQ18bnan/qesl4guupo=,rM6gCGpaxqk/0ZHYVEzmQyEqci0=
36,25,i5tJTyxZtQ18bnan/qesl4guupo=,OWXwsQ1ZWiTI+LNzD1bhuv3nxTk=
34,19,i5tJTyxZtQ18bnan/qesl4guupo=,Cdnj8G6ojZDUFwu5DHw0gk5Quzw=
41,20,i5tJTyxZtQ18bnan/qesl4guupo=,oLKogtoyKNKxfyF64cPKav3hRJk=
36,22,i5tJTyxZtQ18bnan/qesl4guupo=,rM6gCGpaxqk/0ZHYVEzmQyEqci0=
34,22,JJSQOBW11avpOMw271o5Yi71pe0=,OjVFe++EtSlbO7QbcbVlZeqpJyY=
39,19,JJSQOBW11avpOMw271o5Yi71pe0=,ClTiMa+reTaslLHyyf/CCnu56DE=
35,20,JJSQOBW11avpOMw271o5Yi71pe0=,OjVFe++EtSlbO7QbcbVlZeqpJyY=
40,20,JJSQOBW11avpOMw271o5Yi71pe0=,oLKogtoyKNKxfyF64cPKav3hRJk=
35,23,JJSQOBW11avpOMw271o5Yi71pe0=,OjVFe++EtSlbO7QbcbVlZeqpJyY=
39,18,JJSQOBW11avpOMw271o5Yi71pe0=,ClTiMa+reTaslLHyyf/CCnu56DE=
36,20,JJSQOBW11avpOMw271o5Yi71pe0=,rM6gCGpaxqk/0ZHYVEzmQyEqci0=
45,17,JJSQOBW11avpOMw271o5Yi71pe0=,7b4t01VHPzpWCtAoIPp0AzYoVfA=
36,18,JJSQOBW11avpOMw271o5Yi71pe0=,ClTiMa+reTaslLHyyf/CCnu56DE=
34,23,JJSQOBW11avpOMw271o5Yi71pe0=,OjVFe++EtSlbO7QbcbVlZeqpJyY=
35,18,JJSQOBW11avpOMw271o5Yi71pe0=,Cdnj8G6ojZDUFwu5DHw0gk5Quzw=
34,18,JJSQOBW11avpOMw271o5Yi71pe0=,Cdnj8G6ojZDUFwu5DHw0gk5Quzw=
36,23,JJSQOBW11avpOMw271o5Yi71pe0=,rM6gCGpaxqk/0ZHYVEzmQyEqci0=
36,24,JJSQOBW11avpOMw271o5Yi71pe0=,OWXwsQ1ZWiTI+LNzD1bhuv3nxTk=
43,20,JJSQOBW11avpOMw271o5Yi71pe0=,oLKogtoyKNKxfyF64cPKav3hRJk=
35,22,JJSQOBW11avpOMw271o5Yi71pe0=,OjVFe++EtSlbO7QbcbVlZeqpJyY=
40,18,JJSQOBW11avpOMw271o5Yi71pe0=,VR0zIHBVoABXspNddhfcuHW9PSU=
35,19,JJSQOBW11avpOMw271o5Yi71pe0=,Cdnj8G6ojZDUFwu5DHw0gk5Quzw=
46,24,JJSQOBW11avpOMw271o5Yi71pe0=,t3Kum7hL27D4fQ9IBAOsCRmKGwo=
34,20,JJSQOBW11avpOMw271o5Yi71pe0=,OjVFe++EtSlbO7QbcbVlZeqpJyY=
36,19,JJSQOBW11avpOMw271o5Yi71pe0=,ClTiMa+reTaslLHyyf/CCnu56DE=
37,20,JJSQOBW11avpOMw271o5Yi71pe0=,rM6gCGpaxqk/0ZHYVEzmQyEqci0=
44,17,JJSQOBW11avpOMw271o5Yi71pe0=,7b4t01VHPzpWCtAoIPp0AzYoVfA=
37,18,JJSQOBW11avpOMw271o5Yi71pe0=,ClTiMa+reTaslLHyyf/CCnu56DE=
37,19,JJSQOBW11avpOMw271o5Yi71pe0=,ClTiMa+reTaslLHyyf/CCnu56DE=
45,16,R6G7gjcqyLT2WzHtTg1uXy3shn8=,7b4t01VHPzpWCtAoIPp0AzYoVfA=
41,19,R6G7gjcqyLT2WzHtTg1uXy3shn8=,VR0zIHBVoABXspNddhfcuHW9PSU=
47,25,R6G7gjcqyLT2WzHtTg1uXy3shn8=,t3Kum7hL27D4fQ9IBAOsCRmKGwo=
34,21,R6G7gjcqyLT2WzHtTg1uXy3shn8=,OjVFe++EtSlbO7QbcbVlZeqpJyY=
35,21,R6G7gjcqyLT2WzHtTg1uXy3shn8=,OjVFe++EtSlbO7QbcbVlZeqpJyY=
36,21,R6G7gjcqyLT2WzHtTg1uXy3shn8=,rM6gCGpaxqk/0ZHYVEzmQyEqci0=
40,19,R6G7gjcqyLT2WzHtTg1uXy3shn8=,VR0zIHBVoABXspNddhfcuHW9PSU=
47,16,R6G7gjcqyLT2WzHtTg1uXy3shn8=,7b4t01VHPzpWCtAoIPp0AzYoVfA=
34,25,R6G7gjcqyLT2WzHtTg1uXy3shn8=,cRpJcinSPenEf8cPYGJMHk9Oyr8=
45,20,R6G7gjcqyLT2WzHtTg1uXy3shn8=,ZRwBuEBeDW01T2kS6LYRGjUpQbM=
37,21,R6G7gjcqyLT2WzHtTg1uXy3shn8=,rM6gCGpaxqk/0ZHYVEzmQyEqci0=
35,25,R6G7gjcqyLT2WzHtTg1uXy3shn8=,cRpJcinSPenEf8cPYGJMHk9Oyr8=
41,18,R6G7gjcqyLT2WzHtTg1uXy3shn8=,VR0zIHBVoABXspNddhfcuHW9PSU=
47,17,R6G7gjcqyLT2WzHtTg1uXy3shn8=,7b4t01VHPzpWCtAoIPp0AzYoVfA=
46,16,R6G7gjcqyLT2WzHtTg1uXy3shn8=,7b4t01VHPzpWCtAoIPp0AzYoVfA=
46,25,R6G7gjcqyLT2WzHtTg1uXy3shn8=,t3Kum7hL27D4fQ9IBAOsCRmKGwo=
38,20,R6G7gjcqyLT2WzHtTg1uXy3shn8=,rM6gCGpaxqk/0ZHYVEzmQyEqci0=
46,17,R6G7gjcqyLT2WzHtTg1uXy3shn8=,7b4t01VHPzpWCtAoIPp0AzYoVfA=
44,20,R6G7gjcqyLT2WzHtTg1uXy3shn8=,ZRwBuEBeDW01T2kS6LYRGjUpQbM=
38,18,R6G7gjcqyLT2WzHtTg1uXy3shn8=,ClTiMa+reTaslLHyyf/CCnu56DE=
45,18,R6G7gjcqyLT2WzHtTg1uXy3shn8=,7b4t01VHPzpWCtAoIPp0AzYoVfA=
47,24,R6G7gjcqyLT2WzHtTg1uXy3shn8=,t3Kum7hL27D4fQ9IBAOsCRmKGwo=
47,23,R6G7gjcqyLT2WzHtTg1uXy3shn8=,ZRwBuEBeDW01T2kS6LYRGjUpQbM=
38,19,R6G7gjcqyLT2WzHtTg1uXy3shn8=,ClTiMa+reTaslLHyyf/CCnu56DE=
47,22,R6G7gjcqyLT2WzHtTg1uXy3shn8=,ZRwBuEBeDW01T2kS6LYRGjUpQbM=
38,21,R6G7gjcqyLT2WzHtTg1uXy3shn8=,rM6gCGpaxqk/0ZHYVEzmQyEqci0=
41,21,R6G7gjcqyLT2WzHtTg1uXy3shn8=,oLKogtoyKNKxfyF64cPKav3hRJk=
40,17,R6G7gjcqyLT2WzHtTg1uXy3shn8=,VR0zIHBVoABXspNddhfcuHW9PSU=
47,19,R6G7gjcqyLT2WzHtTg1uXy3shn8=,7b4t01VHPzpWCtAoIPp0AzYoVfA=
43,19,R6G7gjcqyLT2WzHtTg1uXy3shn8=,VR0zIHBVoABXspNddhfcuHW9PSU=
46,19,R6G7gjcqyLT2WzHtTg1uXy3shn8=,7b4t01VHPzpWCtAoIPp0AzYoVfA=
43,16,R6G7gjcqyLT2WzHtTg1uXy3shn8=,VR0zIHBVoABXspNddhfcuHW9PSU=
45,19,R6G7gjcqyLT2WzHtTg1uXy3shn8=,7b4t01VHPzpWCtAoIPp0AzYoVfA=
44,16,R6G7gjcqyLT2WzHtTg1uXy3shn8=,7b4t01VHPzpWCtAoIPp0AzYoVfA=
47,21,R6G7gjcqyLT2WzHtTg1uXy3shn8=,ZRwBuEBeDW01T2kS6LYRGjUpQbM=
47,20,R6G7gjcqyLT2WzHtTg1uXy3shn8=,ZRwBuEBeDW01T2kS6LYRGjUpQbM=
37,27,R6G7gjcqyLT2WzHtTg1uXy3shn8=,OWXwsQ1ZWiTI+LNzD1bhuv3nxTk=
38,27,R6G7gjcqyLT2WzHtTg1uXy3shn8=,OWXwsQ1ZWiTI+LNzD1bhuv3nxTk=
43,17,R6G7gjcqyLT2WzHtTg1uXy3shn8=,VR0zIHBVoABXspNddhfcuHW9PSU=
40,30,R6G7gjcqyLT2WzHtTg1uXy3shn8=,s8frT75yKDyX9Q2WEUM529z+uT8=
43,18,R6G7gjcqyLT2WzHtTg1uXy3shn8=,VR0zIHBVoABXspNddhfcuHW9PSU=
44,19,R6G7gjcqyLT2WzHtTg1uXy3shn8=,7b4t01VHPzpWCtAoIPp0AzYoVfA=
45,27,R6G7gjcqyLT2WzHtTg1uXy3shn8=,t3Kum7hL27D4fQ9IBAOsCRmKGwo=
46,20,R6G7gjcqyLT2WzHtTg1uXy3shn8=,ZRwBuEBeDW01T2kS6LYRGjUpQbM=
41,31,R6G7gjcqyLT2WzHtTg1uXy3shn8=,s8frT75yKDyX9Q2WEUM529z+uT8=
44,18,R6G7gjcqyLT2WzHtTg1uXy3shn8=,7b4t01VHPzpWCtAoIPp0AzYoVfA=
42,21,HACA2sc64RDuintMFInnGKOkIY0=,oLKogtoyKNKxfyF64cPKav3hRJk=
42,17,HACA2sc64RDuintMFInnGKOkIY0=,VR0zIHBVoABXspNddhfcuHW9PSU=
45,26,HACA2sc64RDuintMFInnGKOkIY0=,t3Kum7hL27D4fQ9IBAOsCRmKGwo=
47,18,HACA2sc64RDuintMFInnGKOkIY0=,7b4t01VHPzpWCtAoIPp0AzYoVfA=
44,26,HACA2sc64RDuintMFInnGKOkIY0=,t3Kum7hL27D4fQ9IBAOsCRmKGwo=
40,27,HACA2sc64RDuintMFInnGKOkIY0=,Hd0rOla4hrEh/+LESHIXDq9CfVA=
41,27,HACA2sc64RDuintMFInnGKOkIY0=,Hd0rOla4hrEh/+LESHIXDq9CfVA=
41,30,HACA2sc64RDuintMFInnGKOkIY0=,s8frT75yKDyX9Q2WEUM529z+uT8=
39,27,HACA2sc64RDuintMFInnGKOkIY0=,OWXwsQ1ZWiTI+LNzD1bhuv3nxTk=
42,20,HACA2sc64RDuintMFInnGKOkIY0=,oLKogtoyKNKxfyF64cPKav3hRJk=
42,16,HACA2sc64RDuintMFInnGKOkIY0=,VR0zIHBVoABXspNddhfcuHW9PSU=
44,29,HACA2sc64RDuintMFInnGKOkIY0=,g79xXgJKgN/3eZO2h6RxA4QNcF8=
46,18,HACA2sc64RDuintMFInnGKOkIY0=,7b4t01VHPzpWCtAoIPp0AzYoVfA=
45,31,HACA2sc64RDuintMFInnGKOkIY0=,g79xXgJKgN/3eZO2h6RxA4QNcF8=
44,28,HACA2sc64RDuintMFInnGKOkIY0=,g79xXgJKgN/3eZO2h6RxA4QNcF8=
42,19,HACA2sc64RDuintMFInnGKOkIY0=,VR0zIHBVoABXspNddhfcuHW9PSU=
46,21,HACA2sc64RDuintMFInnGKOkIY0=,ZRwBuEBeDW01T2kS6LYRGjUpQbM=
44,31,HACA2sc64RDuintMFInnGKOkIY0=,g79xXgJKgN/3eZO2h6RxA4QNcF8=
45,29,HACA2sc64RDuintMFInnGKOkIY0=,g79xXgJKgN/3eZO2h6RxA4QNcF8=
46,23,HACA2sc64RDuintMFInnGKOkIY0=,ZRwBuEBeDW01T2kS6LYRGjUpQbM=
45,28,HACA2sc64RDuintMFInnGKOkIY0=,g79xXgJKgN/3eZO2h6RxA4QNcF8=
45,30,HACA2sc64RDuintMFInnGKOkIY0=,g79xXgJKgN/3eZO2h6RxA4QNcF8=
42,18,HACA2sc64RDuintMFInnGKOkIY0=,VR0zIHBVoABXspNddhfcuHW9PSU=
46,22,HACA2sc64RDuintMFInnGKOkIY0=,ZRwBuEBeDW01T2kS6LYRGjUpQbM=
46,27,HvnMNU2Uu0xZM8DwpCpe4DSfOt8=,t3Kum7hL27D4fQ9IBAOsCRmKGwo=
47,26,HvnMNU2Uu0xZM8DwpCpe4DSfOt8=,t3Kum7hL27D4fQ9IBAOsCRmKGwo=
43,21,i7yTh8+rwTuQOiEpCvxHPwtvhuk=,oLKogtoyKNKxfyF64cPKav3hRJk=
36,27,i7yTh8+rwTuQOiEpCvxHPwtvhuk=,OWXwsQ1ZWiTI+LNzD1bhuv3nxTk=
46,26,i7yTh8+rwTuQOiEpCvxHPwtvhuk=,t3Kum7hL27D4fQ9IBAOsCRmKGwo=
32,24,i7yTh8+rwTuQOiEpCvxHPwtvhuk=,cRpJcinSPenEf8cPYGJMHk9Oyr8=
47,30,i7yTh8+rwTuQOiEpCvxHPwtvhuk=,g79xXgJKgN/3eZO2h6RxA4QNcF8=
35,27,i7yTh8+rwTuQOiEpCvxHPwtvhuk=,cRpJcinSPenEf8cPYGJMHk9Oyr8=
45,21,i7yTh8+rwTuQOiEpCvxHPwtvhuk=,ZRwBuEBeDW01T2kS6LYRGjUpQbM=
41,29,i7yTh8+rwTuQOiEpCvxHPwtvhuk=,s8frT75yKDyX9Q2WEUM529z+uT8=
44,27,i7yTh8+rwTuQOiEpCvxHPwtvhuk=,t3Kum7hL27D4fQ9IBAOsCRmKGwo=
44,30,i7yTh8+rwTuQOiEpCvxHPwtvhuk=,g79xXgJKgN/3eZO2h6RxA4QNcF8=
42,29,i7yTh8+rwTuQOiEpCvxHPwtvhuk=,s8frT75yKDyX9Q2WEUM529z+uT8=
34,27,i7yTh8+rwTuQOiEpCvxHPwtvhuk=,cRpJcinSPenEf8cPYGJMHk9Oyr8=
47,29,i7yTh8+rwTuQOiEpCvxHPwtvhuk=,g79xXgJKgN/3eZO2h6RxA4QNcF8=
44,21,i7yTh8+rwTuQOiEpCvxHPwtvhuk=,ZRwBuEBeDW01T2kS6LYRGjUpQbM=
40,29,i7yTh8+rwTuQOiEpCvxHPwtvhuk=,s8frT75yKDyX9Q2WEUM529z+uT8=
42,28,i7yTh8+rwTuQOiEpCvxHPwtvhuk=,s8frT75yKDyX9Q2WEUM529z+uT8=
32,23,i7yTh8+rwTuQOiEpCvxHPwtvhuk=,OjVFe++EtSlbO7QbcbVlZeqpJyY=
47,27,i7yTh8+rwTuQOiEpCvxHPwtvhuk=,t3Kum7hL27D4fQ9IBAOsCRmKGwo=
43,29,i7yTh8+rwTuQOiEpCvxHPwtvhuk=,s8frT75yKDyX9Q2WEUM529z+uT8=
46,28,i7yTh8+rwTuQOiEpCvxHPwtvhuk=,g79xXgJKgN/3eZO2h6RxA4QNcF8=
47,28,i7yTh8+rwTuQOiEpCvxHPwtvhuk=,g79xXgJKgN/3eZO2h6RxA4QNcF8=
46,30,i7yTh8+rwTuQOiEpCvxHPwtvhuk=,g79xXgJKgN/3eZO2h6RxA4QNcF8=
46,29,i7yTh8+rwTuQOiEpCvxHPwtvhuk=,g79xXgJKgN/3eZO2h6RxA4QNcF8=
43,28,i7yTh8+rwTuQOiEpCvxHPwtvhuk=,s8frT75yKDyX9Q2WEUM529z+uT8=
43,31,i7yTh8+rwTuQOiEpCvxHPwtvhuk=,s8frT75yKDyX9Q2WEUM529z+uT8=
35,26,i7yTh8+rwTuQOiEpCvxHPwtvhuk=,cRpJcinSPenEf8cPYGJMHk9Oyr8=
47,31,i7yTh8+rwTuQOiEpCvxHPwtvhuk=,g79xXgJKgN/3eZO2h6RxA4QNcF8=
43,27,i7yTh8+rwTuQOiEpCvxHPwtvhuk=,Hd0rOla4hrEh/+LESHIXDq9CfVA=
46,31,i7yTh8+rwTuQOiEpCvxHPwtvhuk=,g79xXgJKgN/3eZO2h6RxA4QNcF8=
32,25,i7yTh8+rwTuQOiEpCvxHPwtvhuk=,cRpJcinSPenEf8cPYGJMHk9Oyr8=
42,27,i7yTh8+rwTuQOiEpCvxHPwtvhuk=,Hd0rOla4hrEh/+LESHIXDq9CfVA=
33,18,i7yTh8+rwTuQOiEpCvxHPwtvhuk=,Cdnj8G6ojZDUFwu5DHw0gk5Quzw=
34,26,i7yTh8+rwTuQOiEpCvxHPwtvhuk=,cRpJcinSPenEf8cPYGJMHk9Oyr8=
32,21,i7yTh8+rwTuQOiEpCvxHPwtvhuk=,OjVFe++EtSlbO7QbcbVlZeqpJyY=
33,22,i7yTh8+rwTuQOiEpCvxHPwtvhuk=,OjVFe++EtSlbO7QbcbVlZeqpJyY=
43,30,i7yTh8+rwTuQOiEpCvxHPwtvhuk=,s8frT75yKDyX9Q2WEUM529z+uT8=
32,20,i7yTh8+rwTuQOiEpCvxHPwtvhuk=,OjVFe++EtSlbO7QbcbVlZeqpJyY=
42,30,i7yTh8+rwTuQOiEpCvxHPwtvhuk=,s8frT75yKDyX9Q2WEUM529z+uT8=
42,31,i7yTh8+rwTuQOiEpCvxHPwtvhuk=,s8frT75yKDyX9Q2WEUM529z+uT8=
32,18,i7yTh8+rwTuQOiEpCvxHPwtvhuk=,Cdnj8G6ojZDUFwu5DHw0gk5Quzw=
33,20,i7yTh8+rwTuQOiEpCvxHPwtvhuk=,OjVFe++EtSlbO7QbcbVlZeqpJyY=
36,26,i7yTh8+rwTuQOiEpCvxHPwtvhuk=,OWXwsQ1ZWiTI+LNzD1bhuv3nxTk=
32,22,i7yTh8+rwTuQOiEpCvxHPwtvhuk=,OjVFe++EtSlbO7QbcbVlZeqpJyY=
43,26,i7yTh8+rwTuQOiEpCvxHPwtvhuk=,Hd0rOla4hrEh/+LESHIXDq9CfVA=
33,19,i7yTh8+rwTuQOiEpCvxHPwtvhuk=,Cdnj8G6ojZDUFwu5DHw0gk5Quzw=
42,26,i7yTh8+rwTuQOiEpCvxHPwtvhuk=,Hd0rOla4hrEh/+LESHIXDq9CfVA=
41,26,i7yTh8+rwTuQOiEpCvxHPwtvhuk=,Hd0rOla4hrEh/+LESHIXDq9CfVA=
41,17,i7yTh8+rwTuQOiEpCvxHPwtvhuk=,VR0zIHBVoABXspNddhfcuHW9PSU=
41,28,i7yTh8+rwTuQOiEpCvxHPwtvhuk=,s8frT75yKDyX9Q2WEUM529z+uT8=
40,28,i7yTh8+rwTuQOiEpCvxHPwtvhuk=,s8frT75yKDyX9Q2WEUM529z+uT8=
33,25,i7yTh8+rwTuQOiEpCvxHPwtvhuk=,cRpJcinSPenEf8cPYGJMHk9Oyr8=
33,24,i7yTh8+rwTuQOiEpCvxHPwtvhuk=,cRpJcinSPenEf8cPYGJMHk9Oyr8=
36,17,i7yTh8+rwTuQOiEpCvxHPwtvhuk=,ClTiMa+reTaslLHyyf/CCnu56DE=
33,23,i7yTh8+rwTuQOiEpCvxHPwtvhuk=,OjVFe++EtSlbO7QbcbVlZeqpJyY=
37,17,i7yTh8+rwTuQOiEpCvxHPwtvhuk=,ClTiMa+reTaslLHyyf/CCnu56DE=
33,21,i7yTh8+rwTuQOiEpCvxHPwtvhuk=,OjVFe++EtSlbO7QbcbVlZeqpJyY=
33,27,i7yTh8+rwTuQOiEpCvxHPwtvhuk=,cRpJcinSPenEf8cPYGJMHk9Oyr8=
34,16,i7yTh8+rwTuQOiEpCvxHPwtvhuk=,Cdnj8G6ojZDUFwu5DHw0gk5Quzw=
36,16,i7yTh8+rwTuQOiEpCvxHPwtvhuk=,ClTiMa+reTaslLHyyf/CCnu56DE=
32,17,i7yTh8+rwTuQOiEpCvxHPwtvhuk=,Cdnj8G6ojZDUFwu5DHw0gk5Quzw=
35,17,i7yTh8+rwTuQOiEpCvxHPwtvhuk=,Cdnj8G6ojZDUFwu5DHw0gk5Quzw=
40,16,i7yTh8+rwTuQOiEpCvxHPwtvhuk=,VR0zIHBVoABXspNddhfcuHW9PSU=
32,19,i7yTh8+rwTuQOiEpCvxHPwtvhuk=,Cdnj8G6ojZDUFwu5DHw0gk5Quzw=
39,16,i7yTh8+rwTuQOiEpCvxHPwtvhuk=,ClTiMa+reTaslLHyyf/CCnu56DE=
38,16,i7yTh8+rwTuQOiEpCvxHPwtvhuk=,ClTiMa+reTaslLHyyf/CCnu56DE=
40,31,i7yTh8+rwTuQOiEpCvxHPwtvhuk=,s8frT75yKDyX9Q2WEUM529z+uT8=
32,26,i7yTh8+rwTuQOiEpCvxHPwtvhuk=,cRpJcinSPenEf8cPYGJMHk9Oyr8=
37,16,i7yTh8+rwTuQOiEpCvxHPwtvhuk=,ClTiMa+reTaslLHyyf/CCnu56DE=
35,16,i7yTh8+rwTuQOiEpCvxHPwtvhuk=,Cdnj8G6ojZDUFwu5DHw0gk5Quzw=
34,17,i7yTh8+rwTuQOiEpCvxHPwtvhuk=,Cdnj8G6ojZDUFwu5DHw0gk5Quzw=
32,27,i7yTh8+rwTuQOiEpCvxHPwtvhuk=,cRpJcinSPenEf8cPYGJMHk9Oyr8=
33,26,i7yTh8+rwTuQOiEpCvxHPwtvhuk=,cRpJcinSPenEf8cPYGJMHk9Oyr8=
32,16,i7yTh8+rwTuQOiEpCvxHPwtvhuk=,Cdnj8G6ojZDUFwu5DHw0gk5Quzw=
33,17,i7yTh8+rwTuQOiEpCvxHPwtvhuk=,Cdnj8G6ojZDUFwu5DHw0gk5Quzw=
33,16,i7yTh8+rwTuQOiEpCvxHPwtvhuk=,Cdnj8G6ojZDUFwu5DHw0gk5Quzw=
54,25,ucX+o9TnftHxRQyTW/r+GclLWws=,70C6f6FA0DgmhT/9FXSbGqVGkBs=
54,26,ucX+o9TnftHxRQyTW/r+GclLWws=,70C6f6FA0DgmhT/9FXSbGqVGkBs=
54,24,ucX+o9TnftHxRQyTW/r+GclLWws=,70C6f6FA0DgmhT/9FXSbGqVGkBs=
54,21,ucX+o9TnftHxRQyTW/r+GclLWws=,mEDBV+6YCB33kk/K4CNV/cZFyvQ=
54,22,ucX+o9TnftHxRQyTW/r+GclLWws=,mEDBV+6YCB33kk/K4CNV/cZFyvQ=
54,23,ucX+o9TnftHxRQyTW/r+GclLWws=,mEDBV+6YCB33kk/K4CNV/cZFyvQ=
54,29,bfxt+51OPf0m1Vgft8J7sfue5/E=,7r60FV9dqwPWlP3L1aZOQrLxpOo=
54,30,bfxt+51OPf0m1Vgft8J7sfue5/E=,7r60FV9dqwPWlP3L1aZOQrLxpOo=
54,27,bfxt+51OPf0m1Vgft8J7sfue5/E=,70C6f6FA0DgmhT/9FXSbGqVGkBs=
54,28,bfxt+51OPf0m1Vgft8J7sfue5/E=,7r60FV9dqwPWlP3L1aZOQrLxpOo=
51,22,PaTRjhbAZdG3vZAjL57a0l7sEko=,yh9cT//8eYucFF4qwVgnAXs41kk=
52,23,PaTRjhbAZdG3vZAjL57a0l7sEko=,mEDBV+6YCB33kk/K4CNV/cZFyvQ=
52,26,PaTRjhbAZdG3vZAjL57a0l7sEko=,70C6f6FA0DgmhT/9FXSbGqVGkBs=
53,25,PaTRjhbAZdG3vZAjL57a0l7sEko=,70C6f6FA0DgmhT/9FXSbGqVGkBs=
50,23,PaTRjhbAZdG3vZAjL57a0l7sEko=,yh9cT//8eYucFF4qwVgnAXs41kk=
53,26,PaTRjhbAZdG3vZAjL57a0l7sEko=,70C6f6FA0DgmhT/9FXSbGqVGkBs=
54,19,PaTRjhbAZdG3vZAjL57a0l7sEko=,TNKh++wACiH3RwHYxkONg4qXkm4=
54,20,PaTRjhbAZdG3vZAjL57a0l7sEko=,mEDBV+6YCB33kk/K4CNV/cZFyvQ=
52,29,PaTRjhbAZdG3vZAjL57a0l7sEko=,7r60FV9dqwPWlP3L1aZOQrLxpOo=
51,23,PaTRjhbAZdG3vZAjL57a0l7sEko=,yh9cT//8eYucFF4qwVgnAXs41kk=
52,27,PaTRjhbAZdG3vZAjL57a0l7sEko=,70C6f6FA0DgmhT/9FXSbGqVGkBs=
53,28,PaTRjhbAZdG3vZAjL57a0l7sEko=,7r60FV9dqwPWlP3L1aZOQrLxpOo=
53,27,PaTRjhbAZdG3vZAjL57a0l7sEko=,70C6f6FA0DgmhT/9FXSbGqVGkBs=
53,29,PaTRjhbAZdG3vZAjL57a0l7sEko=,7r60FV9dqwPWlP3L1aZOQrLxpOo=
53,24,PaTRjhbAZdG3vZAjL57a0l7sEko=,70C6f6FA0DgmhT/9FXSbGqVGkBs=
52,24,PaTRjhbAZdG3vZAjL57a0l7sEko=,70C6f6FA0DgmhT/9FXSbGqVGkBs=
52,28,PaTRjhbAZdG3vZAjL57a0l7sEko=,7r60FV9dqwPWlP3L1aZOQrLxpOo=
51,26,PaTRjhbAZdG3vZAjL57a0l7sEko=,jln/YOvAMYV1Crm2hzV1VnUGRbo=
50,26,PaTRjhbAZdG3vZAjL57a0l7sEko=,jln/YOvAMYV1Crm2hzV1VnUGRbo=
50,29,PaTRjhbAZdG3vZAjL57a0l7sEko=,Sh3nneoz1aLjNplkjphYY+wJ+gg=
50,24,PaTRjhbAZdG3vZAjL57a0l7sEko=,jln/YOvAMYV1Crm2hzV1VnUGRbo=
50,25,PaTRjhbAZdG3vZAjL57a0l7sEko=,jln/YOvAMYV1Crm2hzV1VnUGRbo=
51,25,PaTRjhbAZdG3vZAjL57a0l7sEko=,jln/YOvAMYV1Crm2hzV1VnUGRbo=
52,19,PaTRjhbAZdG3vZAjL57a0l7sEko=,TNKh++wACiH3RwHYxkONg4qXkm4=
53,20,PaTRjhbAZdG3vZAjL57a0l7sEko=,mEDBV+6YCB33kk/K4CNV/cZFyvQ=
51,29,PaTRjhbAZdG3vZAjL57a0l7sEko=,Sh3nneoz1aLjNplkjphYY+wJ+gg=
52,22,PaTRjhbAZdG3vZAjL57a0l7sEko=,mEDBV+6YCB33kk/K4CNV/cZFyvQ=
53,18,m2fPpUU2r96Kj01JX9WI9/WXtvU=,TNKh++wACiH3RwHYxkONg4qXkm4=
51,28,m2fPpUU2r96Kj01JX9WI9/WXtvU=,Sh3nneoz1aLjNplkjphYY+wJ+gg=
50,27,m2fPpUU2r96Kj01JX9WI9/WXtvU=,jln/YOvAMYV1Crm2hzV1VnUGRbo=
50,22,m2fPpUU2r96Kj01JX9WI9/WXtvU=,yh9cT//8eYucFF4qwVgnAXs41kk=
50,28,m2fPpUU2r96Kj01JX9WI9/WXtvU=,Sh3nneoz1aLjNplkjphYY+wJ+gg=
55,29,m2fPpUU2r96Kj01JX9WI9/WXtvU=,7r60FV9dqwPWlP3L1aZOQrLxpOo=
55,30,m2fPpUU2r96Kj01JX9WI9/WXtvU=,7r60FV9dqwPWlP3L1aZOQrLxpOo=
55,25,m2fPpUU2r96Kj01JX9WI9/WXtvU=,70C6f6FA0DgmhT/9FXSbGqVGkBs=
55,26,m2fPpUU2r96Kj01JX9WI9/WXtvU=,70C6f6FA0DgmhT/9FXSbGqVGkBs=
55,27,m2fPpUU2r96Kj01JX9WI9/WXtvU=,70C6f6FA0DgmhT/9FXSbGqVGkBs=
55,28,m2fPpUU2r96Kj01JX9WI9/WXtvU=,7r60FV9dqwPWlP3L1aZOQrLxpOo=
55,24,m2fPpUU2r96Kj01JX9WI9/WXtvU=,70C6f6FA0DgmhT/9FXSbGqVGkBs=
55,21,m2fPpUU2r96Kj01JX9WI9/WXtvU=,mEDBV+6YCB33kk/K4CNV/cZFyvQ=
55,19,m2fPpUU2r96Kj01JX9WI9/WXtvU=,TNKh++wACiH3RwHYxkONg4qXkm4=
55,23,m2fPpUU2r96Kj01JX9WI9/WXtvU=,mEDBV+6YCB33kk/K4CNV/cZFyvQ=
55,22,m2fPpUU2r96Kj01JX9WI9/WXtvU=,mEDBV+6YCB33kk/K4CNV/cZFyvQ=
55,17,m2fPpUU2r96Kj01JX9WI9/WXtvU=,TNKh++wACiH3RwHYxkONg4qXkm4=
54,18,m2fPpUU2r96Kj01JX9WI9/WXtvU=,TNKh++wACiH3RwHYxkONg4qXkm4=
55,18,m2fPpUU2r96Kj01JX9WI9/WXtvU=,TNKh++wACiH3RwHYxkONg4qXkm4=
53,16,m2fPpUU2r96Kj01JX9WI9/WXtvU=,TNKh++wACiH3RwHYxkONg4qXkm4=
55,20,m2fPpUU2r96Kj01JX9WI9/WXtvU=,mEDBV+6YCB33kk/K4CNV/cZFyvQ=
54,16,m2fPpUU2r96Kj01JX9WI9/WXtvU=,TNKh++wACiH3RwHYxkONg4qXkm4=
52,16,m2fPpUU2r96Kj01JX9WI9/WXtvU=,TNKh++wACiH3RwHYxkONg4qXkm4=
50,16,m2fPpUU2r96Kj01JX9WI9/WXtvU=,DAK5BYM4m3a9slcVIa/uw0/AryI=
53,23,m2fPpUU2r96Kj01JX9WI9/WXtvU=,mEDBV+6YCB33kk/K4CNV/cZFyvQ=
52,25,m2fPpUU2r96Kj01JX9WI9/WXtvU=,70C6f6FA0DgmhT/9FXSbGqVGkBs=
53,22,m2fPpUU2r96Kj01JX9WI9/WXtvU=,mEDBV+6YCB33kk/K4CNV/cZFyvQ=
52,18,m2fPpUU2r96Kj01JX9WI9/WXtvU=,TNKh++wACiH3RwHYxkONg4qXkm4=
51,19,m2fPpUU2r96Kj01JX9WI9/WXtvU=,DAK5BYM4m3a9slcVIa/uw0/AryI=
48,16,m2fPpUU2r96Kj01JX9WI9/WXtvU=,DAK5BYM4m3a9slcVIa/uw0/AryI=
50,17,m2fPpUU2r96Kj01JX9WI9/WXtvU=,DAK5BYM4m3a9slcVIa/uw0/AryI=
53,17,m2fPpUU2r96Kj01JX9WI9/WXtvU=,TNKh++wACiH3RwHYxkONg4qXkm4=
51,27,CLamzOv7S5vEzMnInSXp+/+ePAk=,jln/YOvAMYV1Crm2hzV1VnUGRbo=
51,16,CLamzOv7S5vEzMnInSXp+/+ePAk=,DAK5BYM4m3a9slcVIa/uw0/AryI=
48,21,CLamzOv7S5vEzMnInSXp+/+ePAk=,yh9cT//8eYucFF4qwVgnAXs41kk=
53,19,CLamzOv7S5vEzMnInSXp+/+ePAk=,TNKh++wACiH3RwHYxkONg4qXkm4=
52,21,CLamzOv7S5vEzMnInSXp+/+ePAk=,mEDBV+6YCB33kk/K4CNV/cZFyvQ=
48,17,CLamzOv7S5vEzMnInSXp+/+ePAk=,DAK5BYM4m3a9slcVIa/uw0/AryI=
51,24,CLamzOv7S5vEzMnInSXp+/+ePAk=,jln/YOvAMYV1Crm2hzV1VnUGRbo=
49,25,CLamzOv7S5vEzMnInSXp+/+ePAk=,jln/YOvAMYV1Crm2hzV1VnUGRbo=
52,17,CLamzOv7S5vEzMnInSXp+/+ePAk=,TNKh++wACiH3RwHYxkONg4qXkm4=
53,21,CLamzOv7S5vEzMnInSXp+/+ePAk=,mEDBV+6YCB33kk/K4CNV/cZFyvQ=
51,21,CLamzOv7S5vEzMnInSXp+/+ePAk=,yh9cT//8eYucFF4qwVgnAXs41kk=
49,16,CLamzOv7S5vEzMnInSXp+/+ePAk=,DAK5BYM4m3a9slcVIa/uw0/AryI=
49,17,CLamzOv7S5vEzMnInSXp+/+ePAk=,DAK5BYM4m3a9slcVIa/uw0/AryI=
50,19,CLamzOv7S5vEzMnInSXp+/+ePAk=,DAK5BYM4m3a9slcVIa/uw0/AryI=
48,23,CLamzOv7S5vEzMnInSXp+/+ePAk=,yh9cT//8eYucFF4qwVgnAXs41kk=
50,21,CLamzOv7S5vEzMnInSXp+/+ePAk=,yh9cT//8eYucFF4qwVgnAXs41kk=
49,19,CLamzOv7S5vEzMnInSXp+/+ePAk=,DAK5BYM4m3a9slcVIa/uw0/AryI=
50,18,CLamzOv7S5vEzMnInSXp+/+ePAk=,DAK5BYM4m3a9slcVIa/uw0/AryI=
48,25,CLamzOv7S5vEzMnInSXp+/+ePAk=,jln/YOvAMYV1Crm2hzV1VnUGRbo=
51,17,CLamzOv7S5vEzMnInSXp+/+ePAk=,DAK5BYM4m3a9slcVIa/uw0/AryI=
51,18,CLamzOv7S5vEzMnInSXp+/+ePAk=,DAK5BYM4m3a9slcVIa/uw0/AryI=
52,20,CLamzOv7S5vEzMnInSXp+/+ePAk=,mEDBV+6YCB33kk/K4CNV/cZFyvQ=
48,18,CLamzOv7S5vEzMnInSXp+/+ePAk=,DAK5BYM4m3a9slcVIa/uw0/AryI=
49,18,CLamzOv7S5vEzMnInSXp+/+ePAk=,DAK5BYM4m3a9slcVIa/uw0/AryI=
51,20,CLamzOv7S5vEzMnInSXp+/+ePAk=,yh9cT//8eYucFF4qwVgnAXs41kk=
54,31,CLamzOv7S5vEzMnInSXp+/+ePAk=,7r60FV9dqwPWlP3L1aZOQrLxpOo=
53,31,CLamzOv7S5vEzMnInSXp+/+ePAk=,7r60FV9dqwPWlP3L1aZOQrLxpOo=
55,31,CLamzOv7S5vEzMnInSXp+/+ePAk=,7r60FV9dqwPWlP3L1aZOQrLxpOo=
50,20,CLamzOv7S5vEzMnInSXp+/+ePAk=,yh9cT//8eYucFF4qwVgnAXs41kk=
49,24,CLamzOv7S5vEzMnInSXp+/+ePAk=,jln/YOvAMYV1Crm2hzV1VnUGRbo=
49,20,CLamzOv7S5vEzMnInSXp+/+ePAk=,yh9cT//8eYucFF4qwVgnAXs41kk=
55,16,CLamzOv7S5vEzMnInSXp+/+ePAk=,TNKh++wACiH3RwHYxkONg4qXkm4=
48,19,CLamzOv7S5vEzMnInSXp+/+ePAk=,DAK5BYM4m3a9slcVIa/uw0/AryI=
54,17,CLamzOv7S5vEzMnInSXp+/+ePAk=,TNKh++wACiH3RwHYxkONg4qXkm4=
48,20,CLamzOv7S5vEzMnInSXp+/+ePAk=,yh9cT//8eYucFF4qwVgnAXs41kk=
48,27,CLamzOv7S5vEzMnInSXp+/+ePAk=,jln/YOvAMYV1Crm2hzV1VnUGRbo=
49,23,CLamzOv7S5vEzMnInSXp+/+ePAk=,yh9cT//8eYucFF4qwVgnAXs41kk=
48,29,CLamzOv7S5vEzMnInSXp+/+ePAk=,Sh3nneoz1aLjNplkjphYY+wJ+gg=
48,30,CLamzOv7S5vEzMnInSXp+/+ePAk=,Sh3nneoz1aLjNplkjphYY+wJ+gg=
49,29,CLamzOv7S5vEzMnInSXp+/+ePAk=,Sh3nneoz1aLjNplkjphYY+wJ+gg=
49,28,CLamzOv7S5vEzMnInSXp+/+ePAk=,Sh3nneoz1aLjNplkjphYY+wJ+gg=
48,28,CLamzOv7S5vEzMnInSXp+/+ePAk=,Sh3nneoz1aLjNplkjphYY+wJ+gg=
49,26,CLamzOv7S5vEzMnInSXp+/+ePAk=,jln/YOvAMYV1Crm2hzV1VnUGRbo=
49,21,CLamzOv7S5vEzMnInSXp+/+ePAk=,yh9cT//8eYucFF4qwVgnAXs41kk=
49,27,CLamzOv7S5vEzMnInSXp+/+ePAk=,jln/YOvAMYV1Crm2hzV1VnUGRbo=
53,30,CLamzOv7S5vEzMnInSXp+/+ePAk=,7r60FV9dqwPWlP3L1aZOQrLxpOo=
48,26,CLamzOv7S5vEzMnInSXp+/+ePAk=,jln/YOvAMYV1Crm2hzV1VnUGRbo=
49,22,CLamzOv7S5vEzMnInSXp+/+ePAk=,yh9cT//8eYucFF4qwVgnAXs41kk=
51,31,CLamzOv7S5vEzMnInSXp+/+ePAk=,Sh3nneoz1aLjNplkjphYY+wJ+gg=
48,31,CLamzOv7S5vEzMnInSXp+/+ePAk=,Sh3nneoz1aLjNplkjphYY+wJ+gg=
49,30,CLamzOv7S5vEzMnInSXp+/+ePAk=,Sh3nneoz1aLjNplkjphYY+wJ+gg=
52,30,CLamzOv7S5vEzMnInSXp+/+ePAk=,7r60FV9dqwPWlP3L1aZOQrLxpOo=
50,31,CLamzOv7S5vEzMnInSXp+/+ePAk=,Sh3nneoz1aLjNplkjphYY+wJ+gg=
49,31,CLamzOv7S5vEzMnInSXp+/+ePAk=,Sh3nneoz1aLjNplkjphYY+wJ+gg=
52,31,CLamzOv7S5vEzMnInSXp+/+ePAk=,7r60FV9dqwPWlP3L1aZOQrLxpOo=
50,30,CLamzOv7S5vEzMnInSXp+/+ePAk=,Sh3nneoz1aLjNplkjphYY+wJ+gg=
51,30,CLamzOv7S5vEzMnInSXp+/+ePAk=,Sh3nneoz1aLjNplkjphYY+wJ+gg=
48,24,CLamzOv7S5vEzMnInSXp+/+ePAk=,jln/YOvAMYV1Crm2hzV1VnUGRbo=
48,22,CLamzOv7S5vEzMnInSXp+/+ePAk=,yh9cT//8eYucFF4qwVgnAXs41kk=
50,12,CLamzOv7S5vEzMnInSXp+/+ePAk=,mpHZ+/nCCUFxA02PE2Bi5zD1HPU=
50,13,CLamzOv7S5vEzMnInSXp+/+ePAk=,mpHZ+/nCCUFxA02PE2Bi5zD1HPU=
51,12,CLamzOv7S5vEzMnInSXp+/+ePAk=,mpHZ+/nCCUFxA02PE2Bi5zD1HPU=
49,12,CLamzOv7S5vEzMnInSXp+/+ePAk=,mpHZ+/nCCUFxA02PE2Bi5zD1HPU=
48,12,CLamzOv7S5vEzMnInSXp+/+ePAk=,mpHZ+/nCCUFxA02PE2Bi5zD1HPU=
51,13,CLamzOv7S5vEzMnInSXp+/+ePAk=,mpHZ+/nCCUFxA02PE2Bi5zD1HPU=
48,14,CLamzOv7S5vEzMnInSXp+/+ePAk=,mpHZ+/nCCUFxA02PE2Bi5zD1HPU=
49,14,CLamzOv7S5vEzMnInSXp+/+ePAk=,mpHZ+/nCCUFxA02PE2Bi5zD1HPU=
50,14,CLamzOv7S5vEzMnInSXp+/+ePAk=,mpHZ+/nCCUFxA02PE2Bi5zD1HPU=
51,14,CLamzOv7S5vEzMnInSXp+/+ePAk=,mpHZ+/nCCUFxA02PE2Bi5zD1HPU=
48,13,CLamzOv7S5vEzMnInSXp+/+ePAk=,mpHZ+/nCCUFxA02PE2Bi5zD1HPU=
49,13,CLamzOv7S5vEzMnInSXp+/+ePAk=,mpHZ+/nCCUFxA02PE2Bi5zD1HPU=
51,15,CLamzOv7S5vEzMnInSXp+/+ePAk=,mpHZ+/nCCUFxA02PE2Bi5zD1HPU=
48,15,CLamzOv7S5vEzMnInSXp+/+ePAk=,mpHZ+/nCCUFxA02PE2Bi5zD1HPU=
50,15,CLamzOv7S5vEzMnInSXp+/+ePAk=,mpHZ+/nCCUFxA02PE2Bi5zD1HPU=
49,15,CLamzOv7S5vEzMnInSXp+/+ePAk=,mpHZ+/nCCUFxA02PE2Bi5zD1HPU=
