-50,79,44JB5fYoP9k1lCyvawOdIMT9Fcg=,yPPNbKdr9d3Nnu0E8vO3Tu7/ckU=
-55,74,44JB5fYoP9k1lCyvawOdIMT9Fcg=,yPPNbKdr9d3Nnu0E8vO3Tu7/ckU=
-51,79,44JB5fYoP9k1lCyvawOdIMT9Fcg=,yPPNbKdr9d3Nnu0E8vO3Tu7/ckU=
-53,79,bdinIBorGWtFM62KUJI63T+qpeE=,yPPNbKdr9d3Nnu0E8vO3Tu7/ckU=
-52,79,bdinIBorGWtFM62KUJI63T+qpeE=,yPPNbKdr9d3Nnu0E8vO3Tu7/ckU=
-54,79,bdinIBorGWtFM62KUJI63T+qpeE=,yPPNbKdr9d3Nnu0E8vO3Tu7/ckU=
-50,78,bdinIBorGWtFM62KUJI63T+qpeE=,yPPNbKdr9d3Nnu0E8vO3Tu7/ckU=
-51,78,bdinIBorGWtFM62KUJI63T+qpeE=,yPPNbKdr9d3Nnu0E8vO3Tu7/ckU=
-52,78,bdinIBorGWtFM62KUJI63T+qpeE=,yPPNbKdr9d3Nnu0E8vO3Tu7/ckU=
-54,77,bdinIBorGWtFM62KUJI63T+qpeE=,yPPNbKdr9d3Nnu0E8vO3Tu7/ckU=
-50,73,bdinIBorGWtFM62KUJI63T+qpeE=,yPPNbKdr9d3Nnu0E8vO3Tu7/ckU=
-55,77,bdinIBorGWtFM62KUJI63T+qpeE=,yPPNbKdr9d3Nnu0E8vO3Tu7/ckU=
-52,73,bdinIBorGWtFM62KUJI63T+qpeE=,yPPNbKdr9d3Nnu0E8vO3Tu7/ckU=
-53,73,bdinIBorGWtFM62KUJI63T+qpeE=,yPPNbKdr9d3Nnu0E8vO3Tu7/ckU=
-54,73,bdinIBorGWtFM62KUJI63T+qpeE=,yPPNbKdr9d3Nnu0E8vO3Tu7/ckU=
-55,73,bdinIBorGWtFM62KUJI63T+qpeE=,yPPNbKdr9d3Nnu0E8vO3Tu7/ckU=
-51,73,bdinIBorGWtFM62KUJI63T+qpeE=,yPPNbKdr9d3Nnu0E8vO3Tu7/ckU=
-52,76,bdinIBorGWtFM62KUJI63T+qpeE=,yPPNbKdr9d3Nnu0E8vO3Tu7/ckU=
-53,76,bdinIBorGWtFM62KUJI63T+qpeE=,yPPNbKdr9d3Nnu0E8vO3Tu7/ckU=
-54,76,bdinIBorGWtFM62KUJI63T+qpeE=,yPPNbKdr9d3Nnu0E8vO3Tu7/ckU=
-55,76,bdinIBorGWtFM62KUJI63T+qpeE=,yPPNbKdr9d3Nnu0E8vO3Tu7/ckU=
-50,72,bdinIBorGWtFM62KUJI63T+qpeE=,yPPNbKdr9d3Nnu0E8vO3Tu7/ckU=
-51,72,bdinIBorGWtFM62KUJI63T+qpeE=,yPPNbKdr9d3Nnu0E8vO3Tu7/ckU=
-50,75,bdinIBorGWtFM62KUJI63T+qpeE=,yPPNbKdr9d3Nnu0E8vO3Tu7/ckU=
-51,75,bdinIBorGWtFM62KUJI63T+qpeE=,yPPNbKdr9d3Nnu0E8vO3Tu7/ckU=
-52,72,bdinIBorGWtFM62KUJI63T+qpeE=,yPPNbKdr9d3Nnu0E8vO3Tu7/ckU=
-53,75,bdinIBorGWtFM62KUJI63T+qpeE=,yPPNbKdr9d3Nnu0E8vO3Tu7/ckU=
-52,75,bdinIBorGWtFM62KUJI63T+qpeE=,yPPNbKdr9d3Nnu0E8vO3Tu7/ckU=
-53,72,bdinIBorGWtFM62KUJI63T+qpeE=,yPPNbKdr9d3Nnu0E8vO3Tu7/ckU=
-54,75,bdinIBorGWtFM62KUJI63T+qpeE=,yPPNbKdr9d3Nnu0E8vO3Tu7/ckU=
-55,75,bdinIBorGWtFM62KUJI63T+qpeE=,yPPNbKdr9d3Nnu0E8vO3Tu7/ckU=
-54,72,bdinIBorGWtFM62KUJI63T+qpeE=,yPPNbKdr9d3Nnu0E8vO3Tu7/ckU=
-55,72,bdinIBorGWtFM62KUJI63T+qpeE=,yPPNbKdr9d3Nnu0E8vO3Tu7/ckU=
-50,74,bdinIBorGWtFM62KUJI63T+qpeE=,yPPNbKdr9d3Nnu0E8vO3Tu7/ckU=
-51,74,bdinIBorGWtFM62KUJI63T+qpeE=,yPPNbKdr9d3Nnu0E8vO3Tu7/ckU=
-52,74,bdinIBorGWtFM62KUJI63T+qpeE=,yPPNbKdr9d3Nnu0E8vO3Tu7/ckU=
-53,74,bdinIBorGWtFM62KUJI63T+qpeE=,yPPNbKdr9d3Nnu0E8vO3Tu7/ckU=
-54,74,bdinIBorGWtFM62KUJI63T+qpeE=,yPPNbKdr9d3Nnu0E8vO3Tu7/ckU=
-49,79,bdinIBorGWtFM62KUJI63T+qpeE=,yPPNbKdr9d3Nnu0E8vO3Tu7/ckU=
-49,78,bdinIBorGWtFM62KUJI63T+qpeE=,yPPNbKdr9d3Nnu0E8vO3Tu7/ckU=
-49,73,bdinIBorGWtFM62KUJI63T+qpeE=,yPPNbKdr9d3Nnu0E8vO3Tu7/ckU=
-49,77,bdinIBorGWtFM62KUJI63T+qpeE=,yPPNbKdr9d3Nnu0E8vO3Tu7/ckU=
-49,72,bdinIBorGWtFM62KUJI63T+qpeE=,yPPNbKdr9d3Nnu0E8vO3Tu7/ckU=
-49,75,bdinIBorGWtFM62KUJI63T+qpeE=,yPPNbKdr9d3Nnu0E8vO3Tu7/ckU=
-49,74,bdinIBorGWtFM62KUJI63T+qpeE=,yPPNbKdr9d3Nnu0E8vO3Tu7/ckU=
-51,76,bdinIBorGWtFM62KUJI63T+qpeE=,yPPNbKdr9d3Nnu0E8vO3Tu7/ckU=
-50,77,bdinIBorGWtFM62KUJI63T+qpeE=,yPPNbKdr9d3Nnu0E8vO3Tu7/ckU=
-56,74,bdinIBorGWtFM62KUJI63T+qpeE=,yPPNbKdr9d3Nnu0E8vO3Tu7/ckU=
-63,77,bdinIBorGWtFM62KUJI63T+qpeE=,yPPNbKdr9d3Nnu0E8vO3Tu7/ckU=
-64,77,bdinIBorGWtFM62KUJI63T+qpeE=,yPPNbKdr9d3Nnu0E8vO3Tu7/ckU=
-51,77,bdinIBorGWtFM62KUJI63T+qpeE=,yPPNbKdr9d3Nnu0E8vO3Tu7/ckU=
-57,76,bdinIBorGWtFM62KUJI63T+qpeE=,yPPNbKdr9d3Nnu0E8vO3Tu7/ckU=
-63,74,bdinIBorGWtFM62KUJI63T+qpeE=,yPPNbKdr9d3Nnu0E8vO3Tu7/ckU=
-58,76,bdinIBorGWtFM62KUJI63T+qpeE=,yPPNbKdr9d3Nnu0E8vO3Tu7/ckU=
-62,77,bdinIBorGWtFM62KUJI63T+qpeE=,yPPNbKdr9d3Nnu0E8vO3Tu7/ckU=
-63,73,bdinIBorGWtFM62KUJI63T+qpeE=,yPPNbKdr9d3Nnu0E8vO3Tu7/ckU=
-50,76,bdinIBorGWtFM62KUJI63T+qpeE=,yPPNbKdr9d3Nnu0E8vO3Tu7/ckU=
-52,77,bdinIBorGWtFM62KUJI63T+qpeE=,yPPNbKdr9d3Nnu0E8vO3Tu7/ckU=
-56,78,bdinIBorGWtFM62KUJI63T+qpeE=,yPPNbKdr9d3Nnu0E8vO3Tu7/ckU=
-64,74,bdinIBorGWtFM62KUJI63T+qpeE=,yPPNbKdr9d3Nnu0E8vO3Tu7/ckU=
-49,76,bdinIBorGWtFM62KUJI63T+qpeE=,yPPNbKdr9d3Nnu0E8vO3Tu7/ckU=
-57,79,bdinIBorGWtFM62KUJI63T+qpeE=,yPPNbKdr9d3Nnu0E8vO3Tu7/ckU=
-59,76,bdinIBorGWtFM62KUJI63T+qpeE=,yPPNbKdr9d3Nnu0E8vO3Tu7/ckU=
-64,73,bdinIBorGWtFM62KUJI63T+qpeE=,yPPNbKdr9d3Nnu0E8vO3Tu7/ckU=
-57,73,bdinIBorGWtFM62KUJI63T+qpeE=,yPPNbKdr9d3Nnu0E8vO3Tu7/ckU=
-56,77,bdinIBorGWtFM62KUJI63T+qpeE=,yPPNbKdr9d3Nnu0E8vO3Tu7/ckU=
-58,73,bdinIBorGWtFM62KUJI63T+qpeE=,yPPNbKdr9d3Nnu0E8vO3Tu7/ckU=
-59,73,bdinIBorGWtFM62KUJI63T+qpeE=,yPPNbKdr9d3Nnu0E8vO3Tu7/ckU=
-60,73,bdinIBorGWtFM62KUJI63T+qpeE=,yPPNbKdr9d3Nnu0E8vO3Tu7/ckU=
-59,72,bdinIBorGWtFM62KUJI63T+qpeE=,yPPNbKdr9d3Nnu0E8vO3Tu7/ckU=
-60,78,bdinIBorGWtFM62KUJI63T+qpeE=,yPPNbKdr9d3Nnu0E8vO3Tu7/ckU=
-56,73,bdinIBorGWtFM62KUJI63T+qpeE=,yPPNbKdr9d3Nnu0E8vO3Tu7/ckU=
-61,72,bdinIBorGWtFM62KUJI63T+qpeE=,yPPNbKdr9d3Nnu0E8vO3Tu7/ckU=
-62,72,bdinIBorGWtFM62KUJI63T+qpeE=,yPPNbKdr9d3Nnu0E8vO3Tu7/ckU=
-56,79,bdinIBorGWtFM62KUJI63T+qpeE=,yPPNbKdr9d3Nnu0E8vO3Tu7/ckU=
-64,75,bdinIBorGWtFM62KUJI63T+qpeE=,yPPNbKdr9d3Nnu0E8vO3Tu7/ckU=
-63,75,bdinIBorGWtFM62KUJI63T+qpeE=,yPPNbKdr9d3Nnu0E8vO3Tu7/ckU=
-57,74,bdinIBorGWtFM62KUJI63T+qpeE=,yPPNbKdr9d3Nnu0E8vO3Tu7/ckU=
-63,72,bdinIBorGWtFM62KUJI63T+qpeE=,yPPNbKdr9d3Nnu0E8vO3Tu7/ckU=
-56,76,bdinIBorGWtFM62KUJI63T+qpeE=,yPPNbKdr9d3Nnu0E8vO3Tu7/ckU=
-60,79,bdinIBorGWtFM62KUJI63T+qpeE=,yPPNbKdr9d3Nnu0E8vO3Tu7/ckU=
-58,74,bdinIBorGWtFM62KUJI63T+qpeE=,yPPNbKdr9d3Nnu0E8vO3Tu7/ckU=
-59,74,bdinIBorGWtFM62KUJI63T+qpeE=,yPPNbKdr9d3Nnu0E8vO3Tu7/ckU=
-61,73,bdinIBorGWtFM62KUJI63T+qpeE=,yPPNbKdr9d3Nnu0E8vO3Tu7/ckU=
-57,72,bdinIBorGWtFM62KUJI63T+qpeE=,yPPNbKdr9d3Nnu0E8vO3Tu7/ckU=
-60,74,bdinIBorGWtFM62KUJI63T+qpeE=,yPPNbKdr9d3Nnu0E8vO3Tu7/ckU=
-60,72,bdinIBorGWtFM62KUJI63T+qpeE=,yPPNbKdr9d3Nnu0E8vO3Tu7/ckU=
-62,76,bdinIBorGWtFM62KUJI63T+qpeE=,yPPNbKdr9d3Nnu0E8vO3Tu7/ckU=
-61,78,bdinIBorGWtFM62KUJI63T+qpeE=,yPPNbKdr9d3Nnu0E8vO3Tu7/ckU=
-63,76,bdinIBorGWtFM62KUJI63T+qpeE=,yPPNbKdr9d3Nnu0E8vO3Tu7/ckU=
-61,79,bdinIBorGWtFM62KUJI63T+qpeE=,yPPNbKdr9d3Nnu0E8vO3Tu7/ckU=
-57,77,bdinIBorGWtFM62KUJI63T+qpeE=,yPPNbKdr9d3Nnu0E8vO3Tu7/ckU=
-58,77,bdinIBorGWtFM62KUJI63T+qpeE=,yPPNbKdr9d3Nnu0E8vO3Tu7/ckU=
-62,79,bdinIBorGWtFM62KUJI63T+qpeE=,yPPNbKdr9d3Nnu0E8vO3Tu7/ckU=
-61,74,bdinIBorGWtFM62KUJI63T+qpeE=,yPPNbKdr9d3Nnu0E8vO3Tu7/ckU=
-62,74,bdinIBorGWtFM62KUJI63T+qpeE=,yPPNbKdr9d3Nnu0E8vO3Tu7/ckU=
-64,72,bdinIBorGWtFM62KUJI63T+qpeE=,yPPNbKdr9d3Nnu0E8vO3Tu7/ckU=
-58,72,bdinIBorGWtFM62KUJI63T+qpeE=,yPPNbKdr9d3Nnu0E8vO3Tu7/ckU=
-64,76,bdinIBorGWtFM62KUJI63T+qpeE=,yPPNbKdr9d3Nnu0E8vO3Tu7/ckU=
-56,75,bdinIBorGWtFM62KUJI63T+qpeE=,yPPNbKdr9d3Nnu0E8vO3Tu7/ckU=
-57,75,bdinIBorGWtFM62KUJI63T+qpeE=,yPPNbKdr9d3Nnu0E8vO3Tu7/ckU=
-57,78,bdinIBorGWtFM62KUJI63T+qpeE=,yPPNbKdr9d3Nnu0E8vO3Tu7/ckU=
-58,75,bdinIBorGWtFM62KUJI63T+qpeE=,yPPNbKdr9d3Nnu0E8vO3Tu7/ckU=
-59,75,bdinIBorGWtFM62KUJI63T+qpeE=,yPPNbKdr9d3Nnu0E8vO3Tu7/ckU=
-60,75,bdinIBorGWtFM62KUJI63T+qpeE=,yPPNbKdr9d3Nnu0E8vO3Tu7/ckU=
-61,75,bdinIBorGWtFM62KUJI63T+qpeE=,yPPNbKdr9d3Nnu0E8vO3Tu7/ckU=
-62,75,bdinIBorGWtFM62KUJI63T+qpeE=,yPPNbKdr9d3Nnu0E8vO3Tu7/ckU=
-62,73,bdinIBorGWtFM62KUJI63T+qpeE=,yPPNbKdr9d3Nnu0E8vO3Tu7/ckU=
-64,78,bdinIBorGWtFM62KUJI63T+qpeE=,yPPNbKdr9d3Nnu0E8vO3Tu7/ckU=
-62,78,bdinIBorGWtFM62KUJI63T+qpeE=,yPPNbKdr9d3Nnu0E8vO3Tu7/ckU=
-56,72,bdinIBorGWtFM62KUJI63T+qpeE=,yPPNbKdr9d3Nnu0E8vO3Tu7/ckU=
-60,76,bdinIBorGWtFM62KUJI63T+qpeE=,yPPNbKdr9d3Nnu0E8vO3Tu7/ckU=
-58,78,bdinIBorGWtFM62KUJI63T+qpeE=,yPPNbKdr9d3Nnu0E8vO3Tu7/ckU=
-59,77,bdinIBorGWtFM62KUJI63T+qpeE=,yPPNbKdr9d3Nnu0E8vO3Tu7/ckU=
-63,78,bdinIBorGWtFM62KUJI63T+qpeE=,yPPNbKdr9d3Nnu0E8vO3Tu7/ckU=
-53,78,bdinIBorGWtFM62KUJI63T+qpeE=,yPPNbKdr9d3Nnu0E8vO3Tu7/ckU=
-63,79,bdinIBorGWtFM62KUJI63T+qpeE=,yPPNbKdr9d3Nnu0E8vO3Tu7/ckU=
-55,79,bdinIBorGWtFM62KUJI63T+qpeE=,yPPNbKdr9d3Nnu0E8vO3Tu7/ckU=
-58,79,bdinIBorGWtFM62KUJI63T+qpeE=,yPPNbKdr9d3Nnu0E8vO3Tu7/ckU=
-53,77,bdinIBorGWtFM62KUJI63T+qpeE=,yPPNbKdr9d3Nnu0E8vO3Tu7/ckU=
-55,78,bdinIBorGWtFM62KUJI63T+qpeE=,yPPNbKdr9d3Nnu0E8vO3Tu7/ckU=
-61,76,bdinIBorGWtFM62KUJI63T+qpeE=,yPPNbKdr9d3Nnu0E8vO3Tu7/ckU=
-64,79,bdinIBorGWtFM62KUJI63T+qpeE=,yPPNbKdr9d3Nnu0E8vO3Tu7/ckU=
-54,78,bdinIBorGWtFM62KUJI63T+qpeE=,yPPNbKdr9d3Nnu0E8vO3Tu7/ckU=
-60,77,bdinIBorGWtFM62KUJI63T+qpeE=,yPPNbKdr9d3Nnu0E8vO3Tu7/ckU=
-61,77,bdinIBorGWtFM62KUJI63T+qpeE=,yPPNbKdr9d3Nnu0E8vO3Tu7/ckU=
-59,78,bdinIBorGWtFM62KUJI63T+qpeE=,yPPNbKdr9d3Nnu0E8vO3Tu7/ckU=
-59,79,bdinIBorGWtFM62KUJI63T+qpeE=,yPPNbKdr9d3Nnu0E8vO3Tu7/ckU=
-60,87,bdinIBorGWtFM62KUJI63T+qpeE=,yPPNbKdr9d3Nnu0E8vO3Tu7/ckU=
-59,87,bdinIBorGWtFM62KUJI63T+qpeE=,yPPNbKdr9d3Nnu0E8vO3Tu7/ckU=
-61,87,bdinIBorGWtFM62KUJI63T+qpeE=,yPPNbKdr9d3Nnu0E8vO3Tu7/ckU=
-61,86,bdinIBorGWtFM62KUJI63T+qpeE=,yPPNbKdr9d3Nnu0E8vO3Tu7/ckU=
-57,82,bdinIBorGWtFM62KUJI63T+qpeE=,yPPNbKdr9d3Nnu0E8vO3Tu7/ckU=
-58,82,bdinIBorGWtFM62KUJI63T+qpeE=,yPPNbKdr9d3Nnu0E8vO3Tu7/ckU=
-59,82,bdinIBorGWtFM62KUJI63T+qpeE=,yPPNbKdr9d3Nnu0E8vO3Tu7/ckU=
-61,85,bdinIBorGWtFM62KUJI63T+qpeE=,yPPNbKdr9d3Nnu0E8vO3Tu7/ckU=
-62,85,bdinIBorGWtFM62KUJI63T+qpeE=,yPPNbKdr9d3Nnu0E8vO3Tu7/ckU=
-62,87,bdinIBorGWtFM62KUJI63T+qpeE=,yPPNbKdr9d3Nnu0E8vO3Tu7/ckU=
-63,85,bdinIBorGWtFM62KUJI63T+qpeE=,yPPNbKdr9d3Nnu0E8vO3Tu7/ckU=
-64,85,bdinIBorGWtFM62KUJI63T+qpeE=,yPPNbKdr9d3Nnu0E8vO3Tu7/ckU=
-57,84,bdinIBorGWtFM62KUJI63T+qpeE=,yPPNbKdr9d3Nnu0E8vO3Tu7/ckU=
-58,84,bdinIBorGWtFM62KUJI63T+qpeE=,yPPNbKdr9d3Nnu0E8vO3Tu7/ckU=
-59,84,bdinIBorGWtFM62KUJI63T+qpeE=,yPPNbKdr9d3Nnu0E8vO3Tu7/ckU=
-60,82,bdinIBorGWtFM62KUJI63T+qpeE=,yPPNbKdr9d3Nnu0E8vO3Tu7/ckU=
-63,87,bdinIBorGWtFM62KUJI63T+qpeE=,yPPNbKdr9d3Nnu0E8vO3Tu7/ckU=
-61,82,bdinIBorGWtFM62KUJI63T+qpeE=,yPPNbKdr9d3Nnu0E8vO3Tu7/ckU=
-62,86,bdinIBorGWtFM62KUJI63T+qpeE=,yPPNbKdr9d3Nnu0E8vO3Tu7/ckU=
-64,87,bdinIBorGWtFM62KUJI63T+qpeE=,yPPNbKdr9d3Nnu0E8vO3Tu7/ckU=
-63,86,bdinIBorGWtFM62KUJI63T+qpeE=,yPPNbKdr9d3Nnu0E8vO3Tu7/ckU=
-64,86,bdinIBorGWtFM62KUJI63T+qpeE=,yPPNbKdr9d3Nnu0E8vO3Tu7/ckU=
-62,82,bdinIBorGWtFM62KUJI63T+qpeE=,yPPNbKdr9d3Nnu0E8vO3Tu7/ckU=
-63,84,bdinIBorGWtFM62KUJI63T+qpeE=,yPPNbKdr9d3Nnu0E8vO3Tu7/ckU=
-57,85,bdinIBorGWtFM62KUJI63T+qpeE=,yPPNbKdr9d3Nnu0E8vO3Tu7/ckU=
-57,86,bdinIBorGWtFM62KUJI63T+qpeE=,yPPNbKdr9d3Nnu0E8vO3Tu7/ckU=
-64,84,bdinIBorGWtFM62KUJI63T+qpeE=,yPPNbKdr9d3Nnu0E8vO3Tu7/ckU=
-57,83,bdinIBorGWtFM62KUJI63T+qpeE=,yPPNbKdr9d3Nnu0E8vO3Tu7/ckU=
-58,83,bdinIBorGWtFM62KUJI63T+qpeE=,yPPNbKdr9d3Nnu0E8vO3Tu7/ckU=
-58,85,bdinIBorGWtFM62KUJI63T+qpeE=,yPPNbKdr9d3Nnu0E8vO3Tu7/ckU=
-63,82,bdinIBorGWtFM62KUJI63T+qpeE=,yPPNbKdr9d3Nnu0E8vO3Tu7/ckU=
-59,85,bdinIBorGWtFM62KUJI63T+qpeE=,yPPNbKdr9d3Nnu0E8vO3Tu7/ckU=
-64,82,bdinIBorGWtFM62KUJI63T+qpeE=,yPPNbKdr9d3Nnu0E8vO3Tu7/ckU=
-59,83,bdinIBorGWtFM62KUJI63T+qpeE=,yPPNbKdr9d3Nnu0E8vO3Tu7/ckU=
-60,83,bdinIBorGWtFM62KUJI63T+qpeE=,yPPNbKdr9d3Nnu0E8vO3Tu7/ckU=
-61,83,bdinIBorGWtFM62KUJI63T+qpeE=,yPPNbKdr9d3Nnu0E8vO3Tu7/ckU=
-60,84,bdinIBorGWtFM62KUJI63T+qpeE=,yPPNbKdr9d3Nnu0E8vO3Tu7/ckU=
-63,81,bdinIBorGWtFM62KUJI63T+qpeE=,yPPNbKdr9d3Nnu0E8vO3Tu7/ckU=
-64,81,bdinIBorGWtFM62KUJI63T+qpeE=,yPPNbKdr9d3Nnu0E8vO3Tu7/ckU=
-62,83,bdinIBorGWtFM62KUJI63T+qpeE=,yPPNbKdr9d3Nnu0E8vO3Tu7/ckU=
-61,84,bdinIBorGWtFM62KUJI63T+qpeE=,yPPNbKdr9d3Nnu0E8vO3Tu7/ckU=
-58,86,bdinIBorGWtFM62KUJI63T+qpeE=,yPPNbKdr9d3Nnu0E8vO3Tu7/ckU=
-59,86,bdinIBorGWtFM62KUJI63T+qpeE=,yPPNbKdr9d3Nnu0E8vO3Tu7/ckU=
-62,84,bdinIBorGWtFM62KUJI63T+qpeE=,yPPNbKdr9d3Nnu0E8vO3Tu7/ckU=
-64,83,bdinIBorGWtFM62KUJI63T+qpeE=,yPPNbKdr9d3Nnu0E8vO3Tu7/ckU=
-57,87,bdinIBorGWtFM62KUJI63T+qpeE=,yPPNbKdr9d3Nnu0E8vO3Tu7/ckU=
-60,85,bdinIBorGWtFM62KUJI63T+qpeE=,yPPNbKdr9d3Nnu0E8vO3Tu7/ckU=
-58,87,bdinIBorGWtFM62KUJI63T+qpeE=,yPPNbKdr9d3Nnu0E8vO3Tu7/ckU=
-60,86,bdinIBorGWtFM62KUJI63T+qpeE=,yPPNbKdr9d3Nnu0E8vO3Tu7/ckU=
-63,80,bdinIBorGWtFM62KUJI63T+qpeE=,yPPNbKdr9d3Nnu0E8vO3Tu7/ckU=
-63,83,bdinIBorGWtFM62KUJI63T+qpeE=,yPPNbKdr9d3Nnu0E8vO3Tu7/ckU=
-57,81,bdinIBorGWtFM62KUJI63T+qpeE=,yPPNbKdr9d3Nnu0E8vO3Tu7/ckU=
-62,80,bdinIBorGWtFM62KUJI63T+qpeE=,yPPNbKdr9d3Nnu0E8vO3Tu7/ckU=
-64,80,bdinIBorGWtFM62KUJI63T+qpeE=,yPPNbKdr9d3Nnu0E8vO3Tu7/ckU=
-62,81,bdinIBorGWtFM62KUJI63T+qpeE=,yPPNbKdr9d3Nnu0E8vO3Tu7/ckU=
-61,80,bdinIBorGWtFM62KUJI63T+qpeE=,yPPNbKdr9d3Nnu0E8vO3Tu7/ckU=
-59,80,bdinIBorGWtFM62KUJI63T+qpeE=,yPPNbKdr9d3Nnu0E8vO3Tu7/ckU=
-60,80,bdinIBorGWtFM62KUJI63T+qpeE=,yPPNbKdr9d3Nnu0E8vO3Tu7/ckU=
-61,81,bdinIBorGWtFM62KUJI63T+qpeE=,yPPNbKdr9d3Nnu0E8vO3Tu7/ckU=
-58,80,bdinIBorGWtFM62KUJI63T+qpeE=,yPPNbKdr9d3Nnu0E8vO3Tu7/ckU=
-60,81,bdinIBorGWtFM62KUJI63T+qpeE=,yPPNbKdr9d3Nnu0E8vO3Tu7/ckU=
-59,81,bdinIBorGWtFM62KUJI63T+qpeE=,yPPNbKdr9d3Nnu0E8vO3Tu7/ckU=
-57,80,bdinIBorGWtFM62KUJI63T+qpeE=,yPPNbKdr9d3Nnu0E8vO3Tu7/ckU=
-58,81,bdinIBorGWtFM62KUJI63T+qpeE=,yPPNbKdr9d3Nnu0E8vO3Tu7/ckU=
-39,75,Wbcxf5tRvLkdFGI9+NeTmUsKGp0=,yPPNbKdr9d3Nnu0E8vO3Tu7/ckU=
-44,70,Wbcxf5tRvLkdFGI9+NeTmUsKGp0=,yPPNbKdr9d3Nnu0E8vO3Tu7/ckU=
-46,69,Wbcxf5tRvLkdFGI9+NeTmUsKGp0=,yPPNbKdr9d3Nnu0E8vO3Tu7/ckU=
-47,67,Wbcxf5tRvLkdFGI9+NeTmUsKGp0=,yPPNbKdr9d3Nnu0E8vO3Tu7/ckU=
-47,66,Wbcxf5tRvLkdFGI9+NeTmUsKGp0=,yPPNbKdr9d3Nnu0E8vO3Tu7/ckU=
-46,66,Wbcxf5tRvLkdFGI9+NeTmUsKGp0=,yPPNbKdr9d3Nnu0E8vO3Tu7/ckU=
-45,66,Wbcxf5tRvLkdFGI9+NeTmUsKGp0=,yPPNbKdr9d3Nnu0E8vO3Tu7/ckU=
-44,66,Wbcxf5tRvLkdFGI9+NeTmUsKGp0=,yPPNbKdr9d3Nnu0E8vO3Tu7/ckU=
-46,67,Wbcxf5tRvLkdFGI9+NeTmUsKGp0=,yPPNbKdr9d3Nnu0E8vO3Tu7/ckU=
-45,67,Wbcxf5tRvLkdFGI9+NeTmUsKGp0=,yPPNbKdr9d3Nnu0E8vO3Tu7/ckU=
-45,69,Wbcxf5tRvLkdFGI9+NeTmUsKGp0=,yPPNbKdr9d3Nnu0E8vO3Tu7/ckU=
-44,67,Wbcxf5tRvLkdFGI9+NeTmUsKGp0=,yPPNbKdr9d3Nnu0E8vO3Tu7/ckU=
-44,69,Wbcxf5tRvLkdFGI9+NeTmUsKGp0=,yPPNbKdr9d3Nnu0E8vO3Tu7/ckU=
-46,68,Wbcxf5tRvLkdFGI9+NeTmUsKGp0=,yPPNbKdr9d3Nnu0E8vO3Tu7/ckU=
-45,68,Wbcxf5tRvLkdFGI9+NeTmUsKGp0=,yPPNbKdr9d3Nnu0E8vO3Tu7/ckU=
-44,68,Wbcxf5tRvLkdFGI9+NeTmUsKGp0=,yPPNbKdr9d3Nnu0E8vO3Tu7/ckU=
-47,65,Wbcxf5tRvLkdFGI9+NeTmUsKGp0=,yPPNbKdr9d3Nnu0E8vO3Tu7/ckU=
-46,65,Wbcxf5tRvLkdFGI9+NeTmUsKGp0=,yPPNbKdr9d3Nnu0E8vO3Tu7/ckU=
-47,70,Wbcxf5tRvLkdFGI9+NeTmUsKGp0=,yPPNbKdr9d3Nnu0E8vO3Tu7/ckU=
-45,65,Wbcxf5tRvLkdFGI9+NeTmUsKGp0=,yPPNbKdr9d3Nnu0E8vO3Tu7/ckU=
-46,70,Wbcxf5tRvLkdFGI9+NeTmUsKGp0=,yPPNbKdr9d3Nnu0E8vO3Tu7/ckU=
-47,68,Wbcxf5tRvLkdFGI9+NeTmUsKGp0=,yPPNbKdr9d3Nnu0E8vO3Tu7/ckU=
-44,65,Wbcxf5tRvLkdFGI9+NeTmUsKGp0=,yPPNbKdr9d3Nnu0E8vO3Tu7/ckU=
-43,65,Wbcxf5tRvLkdFGI9+NeTmUsKGp0=,yPPNbKdr9d3Nnu0E8vO3Tu7/ckU=
-47,69,Wbcxf5tRvLkdFGI9+NeTmUsKGp0=,yPPNbKdr9d3Nnu0E8vO3Tu7/ckU=
-45,70,Wbcxf5tRvLkdFGI9+NeTmUsKGp0=,yPPNbKdr9d3Nnu0E8vO3Tu7/ckU=
-35,74,Wbcxf5tRvLkdFGI9+NeTmUsKGp0=,yPPNbKdr9d3Nnu0E8vO3Tu7/ckU=
-34,74,Wbcxf5tRvLkdFGI9+NeTmUsKGp0=,yPPNbKdr9d3Nnu0E8vO3Tu7/ckU=
-34,73,Wbcxf5tRvLkdFGI9+NeTmUsKGp0=,yPPNbKdr9d3Nnu0E8vO3Tu7/ckU=
-36,74,Wbcxf5tRvLkdFGI9+NeTmUsKGp0=,yPPNbKdr9d3Nnu0E8vO3Tu7/ckU=
-35,78,Wbcxf5tRvLkdFGI9+NeTmUsKGp0=,yPPNbKdr9d3Nnu0E8vO3Tu7/ckU=
-36,78,Wbcxf5tRvLkdFGI9+NeTmUsKGp0=,yPPNbKdr9d3Nnu0E8vO3Tu7/ckU=
-34,78,Wbcxf5tRvLkdFGI9+NeTmUsKGp0=,yPPNbKdr9d3Nnu0E8vO3Tu7/ckU=
-37,78,Wbcxf5tRvLkdFGI9+NeTmUsKGp0=,yPPNbKdr9d3Nnu0E8vO3Tu7/ckU=
-38,78,Wbcxf5tRvLkdFGI9+NeTmUsKGp0=,yPPNbKdr9d3Nnu0E8vO3Tu7/ckU=
-39,78,Wbcxf5tRvLkdFGI9+NeTmUsKGp0=,yPPNbKdr9d3Nnu0E8vO3Tu7/ckU=
-34,77,Wbcxf5tRvLkdFGI9+NeTmUsKGp0=,yPPNbKdr9d3Nnu0E8vO3Tu7/ckU=
-36,77,Wbcxf5tRvLkdFGI9+NeTmUsKGp0=,yPPNbKdr9d3Nnu0E8vO3Tu7/ckU=
-37,77,Wbcxf5tRvLkdFGI9+NeTmUsKGp0=,yPPNbKdr9d3Nnu0E8vO3Tu7/ckU=
-35,77,Wbcxf5tRvLkdFGI9+NeTmUsKGp0=,yPPNbKdr9d3Nnu0E8vO3Tu7/ckU=
-39,77,Wbcxf5tRvLkdFGI9+NeTmUsKGp0=,yPPNbKdr9d3Nnu0E8vO3Tu7/ckU=
-38,77,Wbcxf5tRvLkdFGI9+NeTmUsKGp0=,yPPNbKdr9d3Nnu0E8vO3Tu7/ckU=
-34,76,Wbcxf5tRvLkdFGI9+NeTmUsKGp0=,yPPNbKdr9d3Nnu0E8vO3Tu7/ckU=
-35,76,Wbcxf5tRvLkdFGI9+NeTmUsKGp0=,yPPNbKdr9d3Nnu0E8vO3Tu7/ckU=
-38,76,Wbcxf5tRvLkdFGI9+NeTmUsKGp0=,yPPNbKdr9d3Nnu0E8vO3Tu7/ckU=
-36,76,Wbcxf5tRvLkdFGI9+NeTmUsKGp0=,yPPNbKdr9d3Nnu0E8vO3Tu7/ckU=
-34,75,Wbcxf5tRvLkdFGI9+NeTmUsKGp0=,yPPNbKdr9d3Nnu0E8vO3Tu7/ckU=
-37,76,Wbcxf5tRvLkdFGI9+NeTmUsKGp0=,yPPNbKdr9d3Nnu0E8vO3Tu7/ckU=
-39,76,Wbcxf5tRvLkdFGI9+NeTmUsKGp0=,yPPNbKdr9d3Nnu0E8vO3Tu7/ckU=
-35,75,Wbcxf5tRvLkdFGI9+NeTmUsKGp0=,yPPNbKdr9d3Nnu0E8vO3Tu7/ckU=
-37,75,Wbcxf5tRvLkdFGI9+NeTmUsKGp0=,yPPNbKdr9d3Nnu0E8vO3Tu7/ckU=
-36,75,Wbcxf5tRvLkdFGI9+NeTmUsKGp0=,yPPNbKdr9d3Nnu0E8vO3Tu7/ckU=
-38,75,Wbcxf5tRvLkdFGI9+NeTmUsKGp0=,yPPNbKdr9d3Nnu0E8vO3Tu7/ckU=
-33,75,Wbcxf5tRvLkdFGI9+NeTmUsKGp0=,yPPNbKdr9d3Nnu0E8vO3Tu7/ckU=
-33,77,Wbcxf5tRvLkdFGI9+NeTmUsKGp0=,yPPNbKdr9d3Nnu0E8vO3Tu7/ckU=
-33,76,Wbcxf5tRvLkdFGI9+NeTmUsKGp0=,yPPNbKdr9d3Nnu0E8vO3Tu7/ckU=
-33,78,Wbcxf5tRvLkdFGI9+NeTmUsKGp0=,yPPNbKdr9d3Nnu0E8vO3Tu7/ckU=
-33,73,Wbcxf5tRvLkdFGI9+NeTmUsKGp0=,yPPNbKdr9d3Nnu0E8vO3Tu7/ckU=
-33,74,Wbcxf5tRvLkdFGI9+NeTmUsKGp0=,yPPNbKdr9d3Nnu0E8vO3Tu7/ckU=
-44,77,Wbcxf5tRvLkdFGI9+NeTmUsKGp0=,yPPNbKdr9d3Nnu0E8vO3Tu7/ckU=
-47,71,Wbcxf5tRvLkdFGI9+NeTmUsKGp0=,yPPNbKdr9d3Nnu0E8vO3Tu7/ckU=
-46,71,Wbcxf5tRvLkdFGI9+NeTmUsKGp0=,yPPNbKdr9d3Nnu0E8vO3Tu7/ckU=
-45,71,Wbcxf5tRvLkdFGI9+NeTmUsKGp0=,yPPNbKdr9d3Nnu0E8vO3Tu7/ckU=
-43,77,Wbcxf5tRvLkdFGI9+NeTmUsKGp0=,yPPNbKdr9d3Nnu0E8vO3Tu7/ckU=
-42,77,Wbcxf5tRvLkdFGI9+NeTmUsKGp0=,yPPNbKdr9d3Nnu0E8vO3Tu7/ckU=
-47,72,Wbcxf5tRvLkdFGI9+NeTmUsKGp0=,yPPNbKdr9d3Nnu0E8vO3Tu7/ckU=
-46,72,Wbcxf5tRvLkdFGI9+NeTmUsKGp0=,yPPNbKdr9d3Nnu0E8vO3Tu7/ckU=
-48,73,Wbcxf5tRvLkdFGI9+NeTmUsKGp0=,yPPNbKdr9d3Nnu0E8vO3Tu7/ckU=
-46,73,Wbcxf5tRvLkdFGI9+NeTmUsKGp0=,yPPNbKdr9d3Nnu0E8vO3Tu7/ckU=
-47,73,Wbcxf5tRvLkdFGI9+NeTmUsKGp0=,yPPNbKdr9d3Nnu0E8vO3Tu7/ckU=
-41,77,Wbcxf5tRvLkdFGI9+NeTmUsKGp0=,yPPNbKdr9d3Nnu0E8vO3Tu7/ckU=
-40,75,Wbcxf5tRvLkdFGI9+NeTmUsKGp0=,yPPNbKdr9d3Nnu0E8vO3Tu7/ckU=
-40,76,Wbcxf5tRvLkdFGI9+NeTmUsKGp0=,yPPNbKdr9d3Nnu0E8vO3Tu7/ckU=
-48,78,Wbcxf5tRvLkdFGI9+NeTmUsKGp0=,yPPNbKdr9d3Nnu0E8vO3Tu7/ckU=
-47,78,Wbcxf5tRvLkdFGI9+NeTmUsKGp0=,yPPNbKdr9d3Nnu0E8vO3Tu7/ckU=
-40,77,Wbcxf5tRvLkdFGI9+NeTmUsKGp0=,yPPNbKdr9d3Nnu0E8vO3Tu7/ckU=
-46,78,Wbcxf5tRvLkdFGI9+NeTmUsKGp0=,yPPNbKdr9d3Nnu0E8vO3Tu7/ckU=
-45,78,Wbcxf5tRvLkdFGI9+NeTmUsKGp0=,yPPNbKdr9d3Nnu0E8vO3Tu7/ckU=
-40,78,Wbcxf5tRvLkdFGI9+NeTmUsKGp0=,yPPNbKdr9d3Nnu0E8vO3Tu7/ckU=
-44,78,Wbcxf5tRvLkdFGI9+NeTmUsKGp0=,yPPNbKdr9d3Nnu0E8vO3Tu7/ckU=
-42,78,Wbcxf5tRvLkdFGI9+NeTmUsKGp0=,yPPNbKdr9d3Nnu0E8vO3Tu7/ckU=
-41,78,Wbcxf5tRvLkdFGI9+NeTmUsKGp0=,yPPNbKdr9d3Nnu0E8vO3Tu7/ckU=
-47,79,Wbcxf5tRvLkdFGI9+NeTmUsKGp0=,yPPNbKdr9d3Nnu0E8vO3Tu7/ckU=
-43,78,Wbcxf5tRvLkdFGI9+NeTmUsKGp0=,yPPNbKdr9d3Nnu0E8vO3Tu7/ckU=
-44,75,Wbcxf5tRvLkdFGI9+NeTmUsKGp0=,yPPNbKdr9d3Nnu0E8vO3Tu7/ckU=
-46,79,Wbcxf5tRvLkdFGI9+NeTmUsKGp0=,yPPNbKdr9d3Nnu0E8vO3Tu7/ckU=
-45,79,Wbcxf5tRvLkdFGI9+NeTmUsKGp0=,yPPNbKdr9d3Nnu0E8vO3Tu7/ckU=
-43,75,Wbcxf5tRvLkdFGI9+NeTmUsKGp0=,yPPNbKdr9d3Nnu0E8vO3Tu7/ckU=
-44,79,Wbcxf5tRvLkdFGI9+NeTmUsKGp0=,yPPNbKdr9d3Nnu0E8vO3Tu7/ckU=
-42,75,Wbcxf5tRvLkdFGI9+NeTmUsKGp0=,yPPNbKdr9d3Nnu0E8vO3Tu7/ckU=
-43,79,Wbcxf5tRvLkdFGI9+NeTmUsKGp0=,yPPNbKdr9d3Nnu0E8vO3Tu7/ckU=
-42,79,Wbcxf5tRvLkdFGI9+NeTmUsKGp0=,yPPNbKdr9d3Nnu0E8vO3Tu7/ckU=
-41,75,Wbcxf5tRvLkdFGI9+NeTmUsKGp0=,yPPNbKdr9d3Nnu0E8vO3Tu7/ckU=
-44,76,Wbcxf5tRvLkdFGI9+NeTmUsKGp0=,yPPNbKdr9d3Nnu0E8vO3Tu7/ckU=
-43,76,Wbcxf5tRvLkdFGI9+NeTmUsKGp0=,yPPNbKdr9d3Nnu0E8vO3Tu7/ckU=
-42,76,Wbcxf5tRvLkdFGI9+NeTmUsKGp0=,yPPNbKdr9d3Nnu0E8vO3Tu7/ckU=
-41,76,Wbcxf5tRvLkdFGI9+NeTmUsKGp0=,yPPNbKdr9d3Nnu0E8vO3Tu7/ckU=
-48,67,Wbcxf5tRvLkdFGI9+NeTmUsKGp0=,yPPNbKdr9d3Nnu0E8vO3Tu7/ckU=
-48,71,Wbcxf5tRvLkdFGI9+NeTmUsKGp0=,yPPNbKdr9d3Nnu0E8vO3Tu7/ckU=
-48,66,Wbcxf5tRvLkdFGI9+NeTmUsKGp0=,yPPNbKdr9d3Nnu0E8vO3Tu7/ckU=
-48,72,Wbcxf5tRvLkdFGI9+NeTmUsKGp0=,yPPNbKdr9d3Nnu0E8vO3Tu7/ckU=
-46,64,Wbcxf5tRvLkdFGI9+NeTmUsKGp0=,yPPNbKdr9d3Nnu0E8vO3Tu7/ckU=
-42,64,Wbcxf5tRvLkdFGI9+NeTmUsKGp0=,yPPNbKdr9d3Nnu0E8vO3Tu7/ckU=
-44,64,Wbcxf5tRvLkdFGI9+NeTmUsKGp0=,yPPNbKdr9d3Nnu0E8vO3Tu7/ckU=
-47,64,Wbcxf5tRvLkdFGI9+NeTmUsKGp0=,yPPNbKdr9d3Nnu0E8vO3Tu7/ckU=
-45,64,Wbcxf5tRvLkdFGI9+NeTmUsKGp0=,yPPNbKdr9d3Nnu0E8vO3Tu7/ckU=
-43,64,Wbcxf5tRvLkdFGI9+NeTmUsKGp0=,yPPNbKdr9d3Nnu0E8vO3Tu7/ckU=
-48,64,Wbcxf5tRvLkdFGI9+NeTmUsKGp0=,yPPNbKdr9d3Nnu0E8vO3Tu7/ckU=
-40,79,Wbcxf5tRvLkdFGI9+NeTmUsKGp0=,yPPNbKdr9d3Nnu0E8vO3Tu7/ckU=
-39,79,Wbcxf5tRvLkdFGI9+NeTmUsKGp0=,yPPNbKdr9d3Nnu0E8vO3Tu7/ckU=
-38,79,Wbcxf5tRvLkdFGI9+NeTmUsKGp0=,yPPNbKdr9d3Nnu0E8vO3Tu7/ckU=
-41,79,Wbcxf5tRvLkdFGI9+NeTmUsKGp0=,yPPNbKdr9d3Nnu0E8vO3Tu7/ckU=
-37,79,Wbcxf5tRvLkdFGI9+NeTmUsKGp0=,yPPNbKdr9d3Nnu0E8vO3Tu7/ckU=
-36,79,Wbcxf5tRvLkdFGI9+NeTmUsKGp0=,yPPNbKdr9d3Nnu0E8vO3Tu7/ckU=
-35,79,Wbcxf5tRvLkdFGI9+NeTmUsKGp0=,yPPNbKdr9d3Nnu0E8vO3Tu7/ckU=
-34,79,Wbcxf5tRvLkdFGI9+NeTmUsKGp0=,yPPNbKdr9d3Nnu0E8vO3Tu7/ckU=
-33,79,Wbcxf5tRvLkdFGI9+NeTmUsKGp0=,yPPNbKdr9d3Nnu0E8vO3Tu7/ckU=
-48,79,Wbcxf5tRvLkdFGI9+NeTmUsKGp0=,yPPNbKdr9d3Nnu0E8vO3Tu7/ckU=
-48,69,Wbcxf5tRvLkdFGI9+NeTmUsKGp0=,yPPNbKdr9d3Nnu0E8vO3Tu7/ckU=
-48,68,Wbcxf5tRvLkdFGI9+NeTmUsKGp0=,yPPNbKdr9d3Nnu0E8vO3Tu7/ckU=
-45,77,Wbcxf5tRvLkdFGI9+NeTmUsKGp0=,yPPNbKdr9d3Nnu0E8vO3Tu7/ckU=
-48,70,Wbcxf5tRvLkdFGI9+NeTmUsKGp0=,yPPNbKdr9d3Nnu0E8vO3Tu7/ckU=
-48,77,Wbcxf5tRvLkdFGI9+NeTmUsKGp0=,yPPNbKdr9d3Nnu0E8vO3Tu7/ckU=
-48,65,Wbcxf5tRvLkdFGI9+NeTmUsKGp0=,yPPNbKdr9d3Nnu0E8vO3Tu7/ckU=
-47,77,Wbcxf5tRvLkdFGI9+NeTmUsKGp0=,yPPNbKdr9d3Nnu0E8vO3Tu7/ckU=
-45,76,Wbcxf5tRvLkdFGI9+NeTmUsKGp0=,yPPNbKdr9d3Nnu0E8vO3Tu7/ckU=
-45,72,Wbcxf5tRvLkdFGI9+NeTmUsKGp0=,yPPNbKdr9d3Nnu0E8vO3Tu7/ckU=
-48,76,Wbcxf5tRvLkdFGI9+NeTmUsKGp0=,yPPNbKdr9d3Nnu0E8vO3Tu7/ckU=
-45,73,Wbcxf5tRvLkdFGI9+NeTmUsKGp0=,yPPNbKdr9d3Nnu0E8vO3Tu7/ckU=
-48,74,Wbcxf5tRvLkdFGI9+NeTmUsKGp0=,yPPNbKdr9d3Nnu0E8vO3Tu7/ckU=
-47,76,Wbcxf5tRvLkdFGI9+NeTmUsKGp0=,yPPNbKdr9d3Nnu0E8vO3Tu7/ckU=
-47,74,Wbcxf5tRvLkdFGI9+NeTmUsKGp0=,yPPNbKdr9d3Nnu0E8vO3Tu7/ckU=
-45,74,Wbcxf5tRvLkdFGI9+NeTmUsKGp0=,yPPNbKdr9d3Nnu0E8vO3Tu7/ckU=
-46,76,Wbcxf5tRvLkdFGI9+NeTmUsKGp0=,yPPNbKdr9d3Nnu0E8vO3Tu7/ckU=
-46,74,Wbcxf5tRvLkdFGI9+NeTmUsKGp0=,yPPNbKdr9d3Nnu0E8vO3Tu7/ckU=
-48,75,Wbcxf5tRvLkdFGI9+NeTmUsKGp0=,yPPNbKdr9d3Nnu0E8vO3Tu7/ckU=
-47,75,Wbcxf5tRvLkdFGI9+NeTmUsKGp0=,yPPNbKdr9d3Nnu0E8vO3Tu7/ckU=
-46,75,Wbcxf5tRvLkdFGI9+NeTmUsKGp0=,yPPNbKdr9d3Nnu0E8vO3Tu7/ckU=
-46,77,Wbcxf5tRvLkdFGI9+NeTmUsKGp0=,yPPNbKdr9d3Nnu0E8vO3Tu7/ckU=
-45,75,Wbcxf5tRvLkdFGI9+NeTmUsKGp0=,yPPNbKdr9d3Nnu0E8vO3Tu7/ckU=
-33,69,Wbcxf5tRvLkdFGI9+NeTmUsKGp0=,yPPNbKdr9d3Nnu0E8vO3Tu7/ckU=
-33,68,Wbcxf5tRvLkdFGI9+NeTmUsKGp0=,yPPNbKdr9d3Nnu0E8vO3Tu7/ckU=
-33,72,Wbcxf5tRvLkdFGI9+NeTmUsKGp0=,yPPNbKdr9d3Nnu0E8vO3Tu7/ckU=
-34,68,Wbcxf5tRvLkdFGI9+NeTmUsKGp0=,yPPNbKdr9d3Nnu0E8vO3Tu7/ckU=
-34,67,Wbcxf5tRvLkdFGI9+NeTmUsKGp0=,yPPNbKdr9d3Nnu0E8vO3Tu7/ckU=
-33,67,Wbcxf5tRvLkdFGI9+NeTmUsKGp0=,yPPNbKdr9d3Nnu0E8vO3Tu7/ckU=
-33,66,Wbcxf5tRvLkdFGI9+NeTmUsKGp0=,yPPNbKdr9d3Nnu0E8vO3Tu7/ckU=
-34,66,Wbcxf5tRvLkdFGI9+NeTmUsKGp0=,yPPNbKdr9d3Nnu0E8vO3Tu7/ckU=
-43,70,Wbcxf5tRvLkdFGI9+NeTmUsKGp0=,yPPNbKdr9d3Nnu0E8vO3Tu7/ckU=
-40,64,Wbcxf5tRvLkdFGI9+NeTmUsKGp0=,yPPNbKdr9d3Nnu0E8vO3Tu7/ckU=
-39,67,Wbcxf5tRvLkdFGI9+NeTmUsKGp0=,yPPNbKdr9d3Nnu0E8vO3Tu7/ckU=
-35,66,Wbcxf5tRvLkdFGI9+NeTmUsKGp0=,yPPNbKdr9d3Nnu0E8vO3Tu7/ckU=
-37,74,Wbcxf5tRvLkdFGI9+NeTmUsKGp0=,yPPNbKdr9d3Nnu0E8vO3Tu7/ckU=
-41,69,Wbcxf5tRvLkdFGI9+NeTmUsKGp0=,yPPNbKdr9d3Nnu0E8vO3Tu7/ckU=
-36,66,Wbcxf5tRvLkdFGI9+NeTmUsKGp0=,yPPNbKdr9d3Nnu0E8vO3Tu7/ckU=
-43,66,Wbcxf5tRvLkdFGI9+NeTmUsKGp0=,yPPNbKdr9d3Nnu0E8vO3Tu7/ckU=
-37,66,Wbcxf5tRvLkdFGI9+NeTmUsKGp0=,yPPNbKdr9d3Nnu0E8vO3Tu7/ckU=
-38,67,Wbcxf5tRvLkdFGI9+NeTmUsKGp0=,yPPNbKdr9d3Nnu0E8vO3Tu7/ckU=
-43,69,Wbcxf5tRvLkdFGI9+NeTmUsKGp0=,yPPNbKdr9d3Nnu0E8vO3Tu7/ckU=
-43,67,Wbcxf5tRvLkdFGI9+NeTmUsKGp0=,yPPNbKdr9d3Nnu0E8vO3Tu7/ckU=
-38,74,Wbcxf5tRvLkdFGI9+NeTmUsKGp0=,yPPNbKdr9d3Nnu0E8vO3Tu7/ckU=
-42,65,Wbcxf5tRvLkdFGI9+NeTmUsKGp0=,yPPNbKdr9d3Nnu0E8vO3Tu7/ckU=
-42,70,Wbcxf5tRvLkdFGI9+NeTmUsKGp0=,yPPNbKdr9d3Nnu0E8vO3Tu7/ckU=
-39,64,Wbcxf5tRvLkdFGI9+NeTmUsKGp0=,yPPNbKdr9d3Nnu0E8vO3Tu7/ckU=
-43,68,Wbcxf5tRvLkdFGI9+NeTmUsKGp0=,yPPNbKdr9d3Nnu0E8vO3Tu7/ckU=
-36,67,Wbcxf5tRvLkdFGI9+NeTmUsKGp0=,yPPNbKdr9d3Nnu0E8vO3Tu7/ckU=
-44,71,Wbcxf5tRvLkdFGI9+NeTmUsKGp0=,yPPNbKdr9d3Nnu0E8vO3Tu7/ckU=
-37,67,Wbcxf5tRvLkdFGI9+NeTmUsKGp0=,yPPNbKdr9d3Nnu0E8vO3Tu7/ckU=
-39,74,Wbcxf5tRvLkdFGI9+NeTmUsKGp0=,yPPNbKdr9d3Nnu0E8vO3Tu7/ckU=
-36,73,Wbcxf5tRvLkdFGI9+NeTmUsKGp0=,yPPNbKdr9d3Nnu0E8vO3Tu7/ckU=
-42,66,Wbcxf5tRvLkdFGI9+NeTmUsKGp0=,yPPNbKdr9d3Nnu0E8vO3Tu7/ckU=
-33,65,Wbcxf5tRvLkdFGI9+NeTmUsKGp0=,yPPNbKdr9d3Nnu0E8vO3Tu7/ckU=
-42,71,Wbcxf5tRvLkdFGI9+NeTmUsKGp0=,yPPNbKdr9d3Nnu0E8vO3Tu7/ckU=
-42,67,Wbcxf5tRvLkdFGI9+NeTmUsKGp0=,yPPNbKdr9d3Nnu0E8vO3Tu7/ckU=
-36,70,Wbcxf5tRvLkdFGI9+NeTmUsKGp0=,yPPNbKdr9d3Nnu0E8vO3Tu7/ckU=
-44,72,Wbcxf5tRvLkdFGI9+NeTmUsKGp0=,yPPNbKdr9d3Nnu0E8vO3Tu7/ckU=
-39,73,Wbcxf5tRvLkdFGI9+NeTmUsKGp0=,yPPNbKdr9d3Nnu0E8vO3Tu7/ckU=
-35,73,Wbcxf5tRvLkdFGI9+NeTmUsKGp0=,yPPNbKdr9d3Nnu0E8vO3Tu7/ckU=
-38,66,Wbcxf5tRvLkdFGI9+NeTmUsKGp0=,yPPNbKdr9d3Nnu0E8vO3Tu7/ckU=
-44,74,Wbcxf5tRvLkdFGI9+NeTmUsKGp0=,yPPNbKdr9d3Nnu0E8vO3Tu7/ckU=
-43,72,Wbcxf5tRvLkdFGI9+NeTmUsKGp0=,yPPNbKdr9d3Nnu0E8vO3Tu7/ckU=
-44,73,Wbcxf5tRvLkdFGI9+NeTmUsKGp0=,yPPNbKdr9d3Nnu0E8vO3Tu7/ckU=
-41,70,Wbcxf5tRvLkdFGI9+NeTmUsKGp0=,yPPNbKdr9d3Nnu0E8vO3Tu7/ckU=
-43,73,Wbcxf5tRvLkdFGI9+NeTmUsKGp0=,yPPNbKdr9d3Nnu0E8vO3Tu7/ckU=
-41,74,Wbcxf5tRvLkdFGI9+NeTmUsKGp0=,yPPNbKdr9d3Nnu0E8vO3Tu7/ckU=
-43,74,Wbcxf5tRvLkdFGI9+NeTmUsKGp0=,yPPNbKdr9d3Nnu0E8vO3Tu7/ckU=
-35,67,Wbcxf5tRvLkdFGI9+NeTmUsKGp0=,yPPNbKdr9d3Nnu0E8vO3Tu7/ckU=
-37,73,Wbcxf5tRvLkdFGI9+NeTmUsKGp0=,yPPNbKdr9d3Nnu0E8vO3Tu7/ckU=
-42,74,Wbcxf5tRvLkdFGI9+NeTmUsKGp0=,yPPNbKdr9d3Nnu0E8vO3Tu7/ckU=
-43,71,Wbcxf5tRvLkdFGI9+NeTmUsKGp0=,yPPNbKdr9d3Nnu0E8vO3Tu7/ckU=
-40,74,Wbcxf5tRvLkdFGI9+NeTmUsKGp0=,yPPNbKdr9d3Nnu0E8vO3Tu7/ckU=
-34,65,Wbcxf5tRvLkdFGI9+NeTmUsKGp0=,yPPNbKdr9d3Nnu0E8vO3Tu7/ckU=
-42,69,Wbcxf5tRvLkdFGI9+NeTmUsKGp0=,yPPNbKdr9d3Nnu0E8vO3Tu7/ckU=
-41,65,Wbcxf5tRvLkdFGI9+NeTmUsKGp0=,yPPNbKdr9d3Nnu0E8vO3Tu7/ckU=
-35,70,Wbcxf5tRvLkdFGI9+NeTmUsKGp0=,yPPNbKdr9d3Nnu0E8vO3Tu7/ckU=
-34,69,Wbcxf5tRvLkdFGI9+NeTmUsKGp0=,yPPNbKdr9d3Nnu0E8vO3Tu7/ckU=
-40,68,Wbcxf5tRvLkdFGI9+NeTmUsKGp0=,yPPNbKdr9d3Nnu0E8vO3Tu7/ckU=
-34,70,Wbcxf5tRvLkdFGI9+NeTmUsKGp0=,yPPNbKdr9d3Nnu0E8vO3Tu7/ckU=
-41,64,Wbcxf5tRvLkdFGI9+NeTmUsKGp0=,yPPNbKdr9d3Nnu0E8vO3Tu7/ckU=
-33,70,Wbcxf5tRvLkdFGI9+NeTmUsKGp0=,yPPNbKdr9d3Nnu0E8vO3Tu7/ckU=
-42,68,Wbcxf5tRvLkdFGI9+NeTmUsKGp0=,yPPNbKdr9d3Nnu0E8vO3Tu7/ckU=
-38,70,Wbcxf5tRvLkdFGI9+NeTmUsKGp0=,yPPNbKdr9d3Nnu0E8vO3Tu7/ckU=
-34,72,Wbcxf5tRvLkdFGI9+NeTmUsKGp0=,yPPNbKdr9d3Nnu0E8vO3Tu7/ckU=
-37,70,Wbcxf5tRvLkdFGI9+NeTmUsKGp0=,yPPNbKdr9d3Nnu0E8vO3Tu7/ckU=
-38,73,Wbcxf5tRvLkdFGI9+NeTmUsKGp0=,yPPNbKdr9d3Nnu0E8vO3Tu7/ckU=
-39,66,Wbcxf5tRvLkdFGI9+NeTmUsKGp0=,yPPNbKdr9d3Nnu0E8vO3Tu7/ckU=
-36,65,Wbcxf5tRvLkdFGI9+NeTmUsKGp0=,yPPNbKdr9d3Nnu0E8vO3Tu7/ckU=
-35,72,Wbcxf5tRvLkdFGI9+NeTmUsKGp0=,yPPNbKdr9d3Nnu0E8vO3Tu7/ckU=
-40,66,Wbcxf5tRvLkdFGI9+NeTmUsKGp0=,yPPNbKdr9d3Nnu0E8vO3Tu7/ckU=
-40,70,Wbcxf5tRvLkdFGI9+NeTmUsKGp0=,yPPNbKdr9d3Nnu0E8vO3Tu7/ckU=
-36,72,Wbcxf5tRvLkdFGI9+NeTmUsKGp0=,yPPNbKdr9d3Nnu0E8vO3Tu7/ckU=
-42,72,Wbcxf5tRvLkdFGI9+NeTmUsKGp0=,yPPNbKdr9d3Nnu0E8vO3Tu7/ckU=
-37,72,Wbcxf5tRvLkdFGI9+NeTmUsKGp0=,yPPNbKdr9d3Nnu0E8vO3Tu7/ckU=
-42,73,Wbcxf5tRvLkdFGI9+NeTmUsKGp0=,yPPNbKdr9d3Nnu0E8vO3Tu7/ckU=
-38,72,Wbcxf5tRvLkdFGI9+NeTmUsKGp0=,yPPNbKdr9d3Nnu0E8vO3Tu7/ckU=
-41,68,Wbcxf5tRvLkdFGI9+NeTmUsKGp0=,yPPNbKdr9d3Nnu0E8vO3Tu7/ckU=
-35,65,Wbcxf5tRvLkdFGI9+NeTmUsKGp0=,yPPNbKdr9d3Nnu0E8vO3Tu7/ckU=
-41,73,Wbcxf5tRvLkdFGI9+NeTmUsKGp0=,yPPNbKdr9d3Nnu0E8vO3Tu7/ckU=
-36,69,Wbcxf5tRvLkdFGI9+NeTmUsKGp0=,yPPNbKdr9d3Nnu0E8vO3Tu7/ckU=
-41,72,Wbcxf5tRvLkdFGI9+NeTmUsKGp0=,yPPNbKdr9d3Nnu0E8vO3Tu7/ckU=
-39,68,Wbcxf5tRvLkdFGI9+NeTmUsKGp0=,yPPNbKdr9d3Nnu0E8vO3Tu7/ckU=
-40,73,Wbcxf5tRvLkdFGI9+NeTmUsKGp0=,yPPNbKdr9d3Nnu0E8vO3Tu7/ckU=
-39,70,Wbcxf5tRvLkdFGI9+NeTmUsKGp0=,yPPNbKdr9d3Nnu0E8vO3Tu7/ckU=
-35,69,Wbcxf5tRvLkdFGI9+NeTmUsKGp0=,yPPNbKdr9d3Nnu0E8vO3Tu7/ckU=
-38,64,Wbcxf5tRvLkdFGI9+NeTmUsKGp0=,yPPNbKdr9d3Nnu0E8vO3Tu7/ckU=
-37,65,Wbcxf5tRvLkdFGI9+NeTmUsKGp0=,yPPNbKdr9d3Nnu0E8vO3Tu7/ckU=
-37,69,Wbcxf5tRvLkdFGI9+NeTmUsKGp0=,yPPNbKdr9d3Nnu0E8vO3Tu7/ckU=
-38,65,Wbcxf5tRvLkdFGI9+NeTmUsKGp0=,yPPNbKdr9d3Nnu0E8vO3Tu7/ckU=
-41,67,Wbcxf5tRvLkdFGI9+NeTmUsKGp0=,yPPNbKdr9d3Nnu0E8vO3Tu7/ckU=
-38,69,Wbcxf5tRvLkdFGI9+NeTmUsKGp0=,yPPNbKdr9d3Nnu0E8vO3Tu7/ckU=
-41,66,Wbcxf5tRvLkdFGI9+NeTmUsKGp0=,yPPNbKdr9d3Nnu0E8vO3Tu7/ckU=
-39,69,Wbcxf5tRvLkdFGI9+NeTmUsKGp0=,yPPNbKdr9d3Nnu0E8vO3Tu7/ckU=
-37,64,Wbcxf5tRvLkdFGI9+NeTmUsKGp0=,yPPNbKdr9d3Nnu0E8vO3Tu7/ckU=
-40,71,Wbcxf5tRvLkdFGI9+NeTmUsKGp0=,yPPNbKdr9d3Nnu0E8vO3Tu7/ckU=
-38,68,Wbcxf5tRvLkdFGI9+NeTmUsKGp0=,yPPNbKdr9d3Nnu0E8vO3Tu7/ckU=
-40,69,Wbcxf5tRvLkdFGI9+NeTmUsKGp0=,yPPNbKdr9d3Nnu0E8vO3Tu7/ckU=
-39,65,Wbcxf5tRvLkdFGI9+NeTmUsKGp0=,yPPNbKdr9d3Nnu0E8vO3Tu7/ckU=
-35,68,Wbcxf5tRvLkdFGI9+NeTmUsKGp0=,yPPNbKdr9d3Nnu0E8vO3Tu7/ckU=
-33,71,Wbcxf5tRvLkdFGI9+NeTmUsKGp0=,yPPNbKdr9d3Nnu0E8vO3Tu7/ckU=
-33,64,Wbcxf5tRvLkdFGI9+NeTmUsKGp0=,yPPNbKdr9d3Nnu0E8vO3Tu7/ckU=
-39,71,Wbcxf5tRvLkdFGI9+NeTmUsKGp0=,yPPNbKdr9d3Nnu0E8vO3Tu7/ckU=
-36,68,Wbcxf5tRvLkdFGI9+NeTmUsKGp0=,yPPNbKdr9d3Nnu0E8vO3Tu7/ckU=
-39,72,Wbcxf5tRvLkdFGI9+NeTmUsKGp0=,yPPNbKdr9d3Nnu0E8vO3Tu7/ckU=
-34,71,Wbcxf5tRvLkdFGI9+NeTmUsKGp0=,yPPNbKdr9d3Nnu0E8vO3Tu7/ckU=
-34,64,Wbcxf5tRvLkdFGI9+NeTmUsKGp0=,yPPNbKdr9d3Nnu0E8vO3Tu7/ckU=
-35,64,Wbcxf5tRvLkdFGI9+NeTmUsKGp0=,yPPNbKdr9d3Nnu0E8vO3Tu7/ckU=
-38,71,Wbcxf5tRvLkdFGI9+NeTmUsKGp0=,yPPNbKdr9d3Nnu0E8vO3Tu7/ckU=
-40,72,Wbcxf5tRvLkdFGI9+NeTmUsKGp0=,yPPNbKdr9d3Nnu0E8vO3Tu7/ckU=
-37,68,Wbcxf5tRvLkdFGI9+NeTmUsKGp0=,yPPNbKdr9d3Nnu0E8vO3Tu7/ckU=
-40,65,Wbcxf5tRvLkdFGI9+NeTmUsKGp0=,yPPNbKdr9d3Nnu0E8vO3Tu7/ckU=
-41,71,Wbcxf5tRvLkdFGI9+NeTmUsKGp0=,yPPNbKdr9d3Nnu0E8vO3Tu7/ckU=
-37,71,Wbcxf5tRvLkdFGI9+NeTmUsKGp0=,yPPNbKdr9d3Nnu0E8vO3Tu7/ckU=
-35,71,Wbcxf5tRvLkdFGI9+NeTmUsKGp0=,yPPNbKdr9d3Nnu0E8vO3Tu7/ckU=
-36,71,Wbcxf5tRvLkdFGI9+NeTmUsKGp0=,yPPNbKdr9d3Nnu0E8vO3Tu7/ckU=
-36,64,Wbcxf5tRvLkdFGI9+NeTmUsKGp0=,yPPNbKdr9d3Nnu0E8vO3Tu7/ckU=
-40,67,Wbcxf5tRvLkdFGI9+NeTmUsKGp0=,yPPNbKdr9d3Nnu0E8vO3Tu7/ckU=
